SET SQL_MODE="NO_AUTO_VALUE_ON_ZERO";

--
-- Database: `civblogs`
--

--
-- Dumping data for table `blogs`
--

INSERT INTO `blogs` (`id`, `name`, `url`, `feed`, `preview_image_url`, `is_active`, `created`, `updated`, `description`, `posts_count`) VALUES
(1, 'Afriwood, by Yehni Djidji', 'afriwood.akendewa.net', 'afriwood.akendewa.net/feed', 'http://afriwood.akendewa.net/wp-content/uploads/2012/05/yehnidjidji-189x300.jpg', 1, '2012-05-27 03:49:43', '2012-05-27 15:00:01', 'L''actualité du cinéma africain', 9),
(5, 'Famchocolat', 'famchocolat.wordpress.com', 'famchocolat.wordpress.com/feed', 'http://famchocolat.files.wordpress.com/2011/09/hair.jpg?w=266&h=300', 1, '2012-05-27 04:10:55', '2012-05-27 14:59:54', 'Mon regard sur le monde, d''Afrique & d''Ailleurs, entre humour et ironie…', 10),
(6, 'Les Analyses de Jean-Patrick Ehouman', 'www.jpehouman.com', 'www.jpehouman.com/feed', 'http://www.jpehouman.com/wp-content/uploads/2010/03/jp-ehouman_DSC5955x650-199x300.jpg', 1, '2012-05-27 06:01:59', '2012-05-27 15:08:04', 'African internet and mobile entrepreneur - Writer', 10),
(7, 'Le blog de Yehni Djidji', 'yehnidjidji.blogspot.com', 'yehnidjidji.blogspot.com/feeds/posts/default?alt=rss', 'http://2.bp.blogspot.com/-Sw3ylpZ3ZaA/TrGXbQhhfjI/AAAAAAAABvM/3-plT0UQdss/s150/IMG_7337%2B-%2BCopy.JPG', 1, '2012-05-27 06:10:08', '2012-05-27 15:08:27', 'Blog ivoirien', 25),
(8, 'Nnenna', 'nnennaorg.blogspot.com', 'feeds.feedburner.com/Nnenna?format=xml', 'http://4.bp.blogspot.com/_xh-06b09v-Q/TEyjeCEZ8TI/AAAAAAAAAD4/WQkgirpaIbI/S150/100_1158.JPG', 1, '2012-05-27 06:37:36', '2012-05-27 15:08:43', 'Taking a look at African development issues from a certain viewpoint.', 25);

--
-- Dumping data for table `blogs_categories`
--

INSERT INTO `blogs_categories` (`blog_id`, `category_id`) VALUES
(1, 1),
(1, 2),
(5, 3),
(5, 6),
(1, 3),
(6, 4),
(7, 3),
(7, 6),
(7, 2),
(8, 3),
(8, 4),
(8, 5),
(8, 6);

--
-- Dumping data for table `categories`
--

INSERT INTO `categories` (`id`, `name`, `created`, `updated`, `slug`) VALUES
(1, 'Cinéma', '2012-05-27 03:59:06', '2012-05-27 03:59:06', 'cinema'),
(2, 'Littérature', '2012-05-27 03:59:29', '2012-05-27 03:59:29', 'litterature'),
(3, 'Actualités', '2012-05-27 14:57:02', '2012-05-27 14:57:02', 'actualites'),
(4, 'Internet', '2012-05-27 14:57:53', '2012-05-27 14:57:53', 'internet'),
(5, 'Politique', '2012-05-27 14:58:34', '2012-05-27 14:58:34', 'politique'),
(6, 'Société', '2012-05-27 14:58:47', '2012-05-27 14:58:47', 'societe');

--
-- Dumping data for table `posts`
--

INSERT INTO `posts` (`id`, `title`, `slug`, `url`, `blog_id`, `image_url`, `description`, `is_active`, `hits_count`, `created`, `updated`) VALUES
(1, 'Emma Lohoues au festival de Cannes', 'emma-lohoues-au-festival-de-cannes', 'http://afriwood.akendewa.net/actu/emma-lohoues-au-festival-de-cannes/', 1, 'http://afriwood.akendewa.net/wp-content/uploads/2012/05/emmalohouescannes3-300x225.jpg', 'L''actrice ivoirienne Emma Lohoues est au Festival de Cannes dans le cadre de la promotion du Film Le Mec Idéal qui est projeté hors compétition. Quelques photos de son séjour... Tags: Emma Lohoues, Festival de Cannes, Mec idéal', 1, 0, '2012-05-25 19:45:42', '2012-05-27 05:58:01'),
(2, 'AURELIE ELIAM REJOINT L’EQUIPE DE LIFE', 'aurelie-eliam-rejoint-l-equipe-de-life', 'http://afriwood.akendewa.net/actu/aurelie-eliam-rejoint-lequipe-de-life/', 1, 'http://afriwood.akendewa.net/wp-content/uploads/2012/05/aurelieeliamlife-230x300.jpg', 'L''actrice ivoirienne, Aurélie Eliam, plus connue pas ses fans sous le nom de Alice Bamba, personnage qu''elle incarnait dans la série Dr Boris, vient d''ajouter une autre corde à son arc. Actrice, mannequin, Présentatrice d''émission télé, elle est désormais', 1, 0, '2012-05-22 02:47:36', '2012-05-27 05:57:53'),
(3, 'LE COMPTE TWITTER DE GENEVIEVE NNAJI CERTIFIE', 'le-compte-twitter-de-genevieve-nnaji-certifie', 'http://afriwood.akendewa.net/actu/le-compte-twitter-de-genevieve-nnaji-certifie/', 1, '', 'Peu de nigérians ont leur compte twitter certifié(la petite icône bleue). Genevieve Nnaji, talentueuse actrice lauréate de multiples récompenses et véritable icône de l''industrie cinématographique nigériane vient de rejoindre ce cercle de " Happy Few ". T', 1, 0, '2012-05-19 03:17:27', '2012-05-27 05:58:05'),
(4, 'BABI, le court-métrage ivoirien qui a fait le buzz', 'babi-le-court-metrage-ivoirien-qui-a-fait-le-buzz', 'http://afriwood.akendewa.net/actu/babi-le-court-metrage-ivoirien-qui-a-fait-le-buzz/', 1, '', 'Le cinéma ivoirien est pauvre en production dit-on. Mais le plus grave, c''est qu''il manque encore plus de production de qualité. On ne peut pas faire ce reproche au court-métrage BABI de la jeune réalisatrice ivoirienne Siam Marley.', 1, 0, '2012-05-18 04:10:15', '2012-05-27 05:58:13'),
(5, 'Le Mec Idéal', 'le-mec-ideal', 'http://afriwood.akendewa.net/revue/le-mec-ideal/', 1, '', 'Une histoire qu''on a tous déjà entendue, mais racontée avec les bons ingrédients...et une bonne dose d''humour. RESUME: Marcus travaille dans un pressing et circule à vélo dans la capitale ivoirienne. Sans voiture, sans argent, va-t-il pouvoir séduire la b', 1, 0, '2012-05-17 09:58:03', '2012-05-27 05:58:10'),
(6, 'Un an de plus pour Alain Guikou', 'un-an-de-plus-pour-alain-guikou', 'http://afriwood.akendewa.net/actu/un-an-de-plus-pour-alain-guikou/', 1, 'http://afriwood.akendewa.net/wp-content/uploads/2012/05/anniversairealainguikou-300x200.jpg', 'Le réalisateur Ivoirien Alain Guikou, à qui l''on doit la série " Signature " a eu un an de plus le 13 Mai. Pour fêter l''évènement, il était entouré d''autres grands noms du cinéma ivoirien, le réalisateur Owell Brown dont le film " Le mec idéal " fait un c', 1, 0, '2012-05-17 05:27:10', '2012-05-27 05:58:16'),
(7, 'Distance Between', 'distance-between', 'http://afriwood.akendewa.net/revue/distance-between/', 1, 'http://2.bp.blogspot.com/_SpN-ObXBUUY/Sk8lguK6LWI/AAAAAAAAAW8/hKJjmMmqNSQ/s320/3262875313_5877507129_m.jpg', 'Acteurs: Rita Dominic, Mercy Johnson, Kalu Ikeagwu, Yemi Blaq Le film met en scène la vie de deux jeunes femmes, Mosun et Preye toute deux victimes d''abus sexuels dans leur enfance. La première violée par son beau-père et la seconde par son Oncle.', 1, 0, '2012-05-17 04:33:02', '2012-05-27 05:58:24'),
(8, 'Last Offense', 'last-offense', 'http://afriwood.akendewa.net/revue/last-offense/', 1, 'http://3.bp.blogspot.com/_SpN-ObXBUUY/SfQgDcSnEWI/AAAAAAAAAS0/5ckJtS2jeVY/s400/1236949089849429236316.jpg', 'Acteurs: Rita Dominic, Oge Okoye, Mike Ezuruonye Ce film porte bien son nom: LAST OFFENSE! C''était vraiment la dernière offense que l''on puisse faire à un téléspectateur et surtout un fan de RITA DOMINIC. Résumé: Princess Agu , fille unique d''un riche ban', 1, 0, '2012-05-17 04:10:41', '2012-05-27 05:58:28'),
(9, 'Bienvenue sur Afriwood', 'bienvenue-sur-afriwood', 'http://afriwood.akendewa.net/actu/6/', 1, 'http://afriwood.akendewa.net/wp-content/uploads/2012/05/yehnidjidji-189x300.jpg', 'Après avoir initié le mois littéraire en Juillet 2011 sur mon blog http:/ /yehnidjidji.blogspot.com/ et essayer de mieux connaître et comprendre la chaîne du livre, je souhaitais cette année, mettre en avant le cinéma ivoirien. Pendant un mois, interviewe', 1, 0, '2012-05-17 03:14:06', '2012-05-27 05:58:32'),
(10, 'Googirls dans la place', 'googirls-dans-la-place', 'http://famchocolat.wordpress.com/2012/05/19/googirls-dans-la-place/', 5, 'http://famchocolat.files.wordpress.com/2012/05/googirls.jpg?w=300&h=300', 'Il y a quelques jours, Abidjan recevait une délégation de 22 dans le cadre des GoogleDays. Cinq jours avant cet évènement, je tombais par hasard sur un maquis-bar-resto de la commune de yopougon, au nom insolite de Google Life . Joli clin d''œil à cet impo', 1, 0, '2012-05-19 08:29:33', '2012-05-27 05:58:02'),
(11, 'JNTIC Abidjan: Femmes tissons notre toile…', 'jntic-abidjan-femmes-tissons-notre-toile', 'http://famchocolat.wordpress.com/2012/05/17/jntic-abidjan-femmes-tissons-notre-toile/', 5, 'http://famchocolat.files.wordpress.com/2012/05/akendewa-jntic.jpg?w=300&h=300', 'Depuis 2 jours, se déroulent à Abidjan les Journées Nationales des Technologies de l''Information et de de la Communication. Cette année, ces JNTIC ont pour thème principal: "LES FEMMES ET LES FILLES DANS LE SECTEUR DES TIC". Faute de temps je n''ai, jusqu''', 1, 0, '2012-05-17 09:01:06', '2012-05-27 05:58:19'),
(12, 'Etancher sa soif du web via Google…', 'etancher-sa-soif-du-web-via-google', 'http://famchocolat.wordpress.com/2012/05/10/etancher-sa-soif-du-web-via-google/', 5, 'http://famchocolat.files.wordpress.com/2012/05/google1.jpg?w=300&h=300', 'Aux détours d''une rue ce soir je suis tombée sur un Maquis-Bar-Restaurant insolite et n''ai donc pas pu m''empêcher de prendre une petite photo de l''enseigne... Depuis l''ascension des réseaux sociaux, on peut voir dans les rues d''Abidjan des noms de bars (e', 1, 0, '2012-05-10 17:44:45', '2012-05-27 05:58:36'),
(13, '1 POINT FOR HOLLANDE: SO WHAT??????', '1-point-for-hollande-so-what', 'http://famchocolat.wordpress.com/2012/05/06/1-point-for-hollande-so-what/', 5, 'http://famchocolat.files.wordpress.com/2012/05/francois-hollande.jpg?w=300&h=300', 'Je ne voulais pas m''attarder sur la présidentielle française hein...mais une seule question m''est venue à l''esprit au moment de la proclamation des résultats:- SO WHAT???? J''applaudirai à ce genre de résultats, lorsqu''un jour dans MON PAYS:- On n''entendra', 1, 0, '2012-05-06 14:48:02', '2012-05-27 05:58:40'),
(14, 'MARCHANDS AMBULANTS, MALHONNETETE DEAMBULANTE!!!', 'marchands-ambulants-malhonnetete-deambulante', 'http://famchocolat.wordpress.com/2012/04/27/marchands-ambulants-malhonnetete-deambulante/', 5, '', 'Demandez moi si j''ai bien dormi la nuit dernière et je répondrai oui...MAIS... Comme beaucoup de gens, je n''aime pas laisser une bonne affaire passer sous mon nez... Bah c...', 1, 0, '2012-04-27 16:31:45', '2012-05-27 05:58:45'),
(15, 'CHELSEA vs BARCA : LA COTE D’IVOIRE EST QUALIFIEE', 'chelsea-vs-barca-la-cote-d-ivoire-est-qualifiee', 'http://famchocolat.wordpress.com/2012/04/24/chelsea-vs-barca-la-cote-divoire-est-qualifiee/', 5, 'http://famchocolat.files.wordpress.com/2012/04/chelsea.jpg?w=300&h=300', 'Il y a quelques minutes: des grands cris d''effervescence!!! Chelsea, "l''une des villes les plus réputées de Cote d''Ivoire" doit y être pour quelque chose. Moi intérieurement: - le foot je m''en tape! N''empêche que le phénomène ivoiro-chelsico-drogbatique n', 1, 0, '2012-04-24 17:53:54', '2012-05-27 05:58:50'),
(16, 'A chacun sa “viande” de Pâques', 'a-chacun-sa-viande-de-paques', 'http://famchocolat.wordpress.com/2012/04/09/a-chacun-sa-viande-de-paques/', 5, 'http://famchocolat.files.wordpress.com/2012/04/img00078-20120409-1033.jpg?w=300&h=300', 'Ce matin au marché pendant que j''étais entrain d''acheter de la viande de bœuf, une femme assez présentable, sûrement la cinquantaine avancée, est venue avec sa fille demander au boucher la permission de récupérer les déchets de viande qu''il avait jeté sou', 1, 0, '2012-04-09 19:48:26', '2012-05-27 05:58:54'),
(17, 'ABIDJAN CHAUFFARD', 'abidjan-chauffard', 'http://famchocolat.wordpress.com/2012/04/02/abidjan-chauffard/', 5, 'http://famchocolat.files.wordpress.com/2012/04/taximan-inconscient.jpg?w=300&h=300', '7h30 ce matin. Je suis sensée être au boulot, mais manque de pot pour moi et les personnes dans la longue file d''attente du waren qui attendons depuis plus de trois quarts d''heure: AUCUN TAXI A L''HORIZON!!! 7h35: La joie! Je fais partie des chanceux qui p', 1, 0, '2012-04-02 16:38:36', '2012-05-27 05:58:59'),
(18, 'LUTTER POUR REUSSIR UN JOUR…', 'lutter-pour-reussir-un-jour', 'http://famchocolat.wordpress.com/2012/03/28/lutter-pour-reussir-un-jour/', 5, 'http://famchocolat.files.wordpress.com/2012/03/img00060-20120328-0659.jpg?w=300&h=300', '"Travaillez, prenez de la peine, c''est l''effort qui marque les points..." J''aime beaucoup ce refrain d''une vieille chanson du congolais-belge Papa Wemba. Mais face a certaines scènes de la vie quotidienne je me pose souvent la question de la fameuse "pein', 1, 0, '2012-03-28 03:55:37', '2012-05-27 05:59:02'),
(19, 'STATISTIQUES…”ATTRAPE-MENTEURS”', 'statistiques-attrape-menteurs', 'http://famchocolat.wordpress.com/2012/03/24/statistiques-attrape-menteurs/', 5, 'http://famchocolat.files.wordpress.com/2012/03/statistique.jpg?w=300&h=300', 'Une mauvaise habitude que beaucoup de gens ont sur les deux principaux réseaux sociaux bleus, c''est de cliquer sur "J''aime" OU "Retweeter" un lien qu''ils n''auront même pas consulté et qu''il est certain qu''ils n''auront pas le temps de le faire plus tard...', 1, 0, '2012-03-24 19:01:05', '2012-05-27 05:59:05'),
(20, 'À propos de la passion', 'a-propos-de-la-passion', 'http://feedproxy.google.com/~r/jpehouman/~3/iwMJO8DKqhQ/francais-a-propos-de-la-passion', 6, 'http://www.jpehouman.com/wp-content/uploads/2012/05/fruit-passion-300x230.jpg', 'La passion permet d''atteindre le plus haut niveau de ce que vous faites. Atteindre l''excellence dans un domaine, résulte en partie d''une passion prononcée pour ce que vous faites. Lorsque vous prenez le temps d''apprendre et de vous exercez avec passion vo', 1, 1, '2012-05-27 04:21:30', '2012-05-27 15:41:24'),
(21, 'La méthode ORMAD au secours des développeurs africains', 'la-methode-ormad-au-secours-des-developpeurs-africains', 'http://feedproxy.google.com/~r/jpehouman/~3/wS7bg0_lT_c/la-methode-ormad-au-secours-des-developpeurs-africains', 6, '', 'A prendre en compte : Dans ce qui suit, le mot "système" est utilisé pour identifier un logiciel, une application, un serveur, une technologie, ..., tout ensemble de fichiers permettant une exécution automatique d''une tache par un ordinateur. La semaine d', 1, 0, '2012-05-24 10:11:51', '2012-05-27 06:02:39'),
(22, 'Développons pour les femmes', 'developpons-pour-les-femmes', 'http://feedproxy.google.com/~r/jpehouman/~3/UFWZVzvKamg/developpons-pour-les-femmes', 6, 'http://www.jpehouman.com/wp-content/uploads/2012/05/tech-needs-girls.png', 'Développons pour les femmes Hier, 17 Mai 2012, était la les journée mondiale des Technologies de l''Information et de la Communication. Pour cette année, le thème était "Women and Girls in Technologies". Ce qui donne litteralement en francais " femmes et l', 1, 0, '2012-05-18 05:19:38', '2012-05-27 06:03:01'),
(23, 'La republique twitterofile de Côte d’Ivoire : les hommes politiques et les médias sociaux', 'la-republique-twitterofile-de-cote-d-ivoire-les-hommes-politiques-et-les-medias-sociaux', 'http://feedproxy.google.com/~r/jpehouman/~3/Ls-xwLWiCts/la-republique-twitterofile-de-cote-divoire-les-hommes-politiques-et-les-medias-sociaux', 6, 'http://www.jpehouman.com/wp-content/uploads/2012/05/twitter-repubique-300x225.jpg', 'Ce matin j''ai souhaité produire quelques chiffres sur les usages de twitter en Côte d''Ivoire. Je vais donc vous faire : Une liste des tags les plus utilisé par les ivoiriens (avec des stats) Une liste des hommes politiques utilisant twitter + facebook +bl', 1, 0, '2012-05-08 06:28:00', '2012-05-27 06:04:35'),
(24, 'L’ afritechpreneur face à la difficulté', 'l-afritechpreneur-face-a-la-difficulte', 'http://feedproxy.google.com/~r/jpehouman/~3/wHHwVSQOivw/l-afritechpreneur-face-a-la-difficulte', 6, 'http://www.jpehouman.com/wp-content/uploads/2010/11/baobab-225x300.jpg', 'L''afritechpreneurs doit-il capituler face à ces difficultés propres à l''Afrique ? Je pense que non. Bien au contraire il devrait redoubler d''ingéniosité pour contourner ces barrières. Car une fois ces difficultés contournées, il ne lui reste plus qu''un im', 1, 0, '2012-03-27 03:30:37', '2012-05-27 06:04:42'),
(25, 'Emploi – En Côte d’Ivoire, la fonction Publique recrute 200 informaticiens du 19 au 30 Mars 2012', 'emploi-en-cote-d-ivoire-la-fonction-publique-recrute-200-informaticiens-du-19-au-30-mars-2012', 'http://feedproxy.google.com/~r/jpehouman/~3/KQ70N4Iak0s/emploi-en-cote-divoire-la-fonction-publique-recrute-200-informaticiens-du-19-au-30-mars-2012', 6, 'http://www.jpehouman.com/wp-content/uploads/2012/03/communiquee_concour_informaticien-203x300.jpg', 'C''est une bonne nouvelle pour les informaticiens ivoiriens que je n''ai pu m''empêcher de relayer même si ceblog ne sert pas de site de recherche d''emplois. En effet, le ministère de la fonction publique de Côte d''Ivoire vient d''ouvrir une session derecrute', 1, 0, '2012-03-18 05:59:08', '2012-05-27 06:04:48'),
(26, 'Pourquoi je fais tout ceci en Afrique ?', 'pourquoi-je-fais-tout-ceci-en-afrique', 'http://feedproxy.google.com/~r/jpehouman/~3/ELvCFbuNOPA/pourquoi-je-fais-tout-ceci-en-afrique', 6, 'http://www.jpehouman.com/wp-content/uploads/2012/03/mobile-300x180.jpg', 'Récemment, j''ai discuté avec un journaliste qui devait faire un sujet sur Akendewa, jokkolabs et d''autres communautés et hub technologiques d''Afrique. Pendant l''interview, il m''a posé une question que jusque là personne ne m''avait posé : "Pourquoi fais-tu', 1, 0, '2012-03-01 06:32:01', '2012-05-27 06:04:54'),
(27, 'Les leaders africains des technologies à suivre sur Twitter : CNN ne parle pas français ?', 'les-leaders-africains-des-technologies-a-suivre-sur-twitter-cnn-ne-parle-pas-francais', 'http://feedproxy.google.com/~r/jpehouman/~3/wL1HOQKQ76E/les-leaders-africains-des-technologies-a-suivre-sur-twitter-cnn-ne-parle-pas-francais', 6, 'http://www.jpehouman.com/wp-content/uploads/2012/02/afrique1-300x251.gif', 'IMPORTANT : Le seul objectif de cet article est de profiter de l''opportunité qu''offre CNN pour faire connaître les personnes qui font des choses remarquables en Afrique Francophone. Loin de moi l''idée de " corriger " l''article de CNN. Ce matin, j''ai décou', 1, 0, '2012-02-29 11:48:46', '2012-05-27 06:05:00'),
(28, 'Découvrez comment les cables sous-marin de l’Internet sont interconnectés dans le monde', 'decouvrez-comment-les-cables-sous-marin-de-l-internet-sont-interconnectes-dans-le-monde', 'http://feedproxy.google.com/~r/jpehouman/~3/pH22VbIrb8k/decouvrez-comment-les-cables-sous-marin-de-linternet-sont-interconnectes-dans-le-monde', 6, '', 'Voici comment des cables sous-marin sont interconnectés pour permettre à Internet d''exister. Vous remarquerez que l''Afrique de l''Ouest possède de nombreux points d''entrée. La palme d''or de la densité de points d''entrée revient à l''Europe du nord et à l''Am', 1, 0, '2012-02-29 05:04:55', '2012-05-27 06:05:06'),
(29, '18 recommendations to those in the African diaspora wanting to get involved in the technology sector back home', '18-recommendations-to-those-in-the-african-diaspora-wanting-to-get-involved-in-the-technology-sector-back-home', 'http://feedproxy.google.com/~r/jpehouman/~3/Z_-5M4ApOc8/18-recommendations-to-those-in-the-african-diaspora-wanting-to-get-involved-in-the-technology-sector-back-home', 6, 'http://www.jpehouman.com/wp-content/uploads/2012/02/diaspora_afrique_retour_recommandation.jpg', 'I wrote this post in . It has been translated by John James (BBC Correspondent, Ivory Coast). John is the guy behind the Drogbas''s Country blog . If you''re part of the African diaspora and you want to do business back home, I''d be one of the first to enco', 1, 0, '2012-02-18 12:06:36', '2012-05-27 06:05:37'),
(55, 'LES REVERS DE LA CHASSE AUX EVADES', 'les-revers-de-la-chasse-aux-evades', 'http://yehnidjidji.blogspot.com/2012/05/les-revers-de-la-chasse-aux-evades.html', 7, '', 'Paru dans l''intelligent d''Abidjan du 22 Mai 2012 Evasion de prisonniers à Korhogo, Katiola, Dimbokro, Agboville, Abidjan... A croire que nos pénitenciers sont de vraies passoires. Pourtant la Maison d''Arrêt et de Correction d''Abidjan (MACA) a été remise à', 1, 0, '2012-05-24 08:22:00', '2012-05-27 06:31:29'),
(56, 'LES INVITATIONS ET MOI', 'les-invitations-et-moi', 'http://yehnidjidji.blogspot.com/2012/05/les-invitations-et-moi.html', 7, 'http://4.bp.blogspot.com/-cGOl-M6xLvo/T74MyhwpMII/AAAAAAAAAdc/fXYcXfEG7rg/s72-c/argent.jpg', 'Les gens se fâchent souvent parce que je n''honore pas leurs invitations. Je souhaite expliquer l''une des raisons de ces refus. J''ai toujours eu deux principes auxquels j''essaie de me tenir : ne jamais accepter une invitation qui va nécessiter des dépenses', 1, 0, '2012-05-24 06:27:00', '2012-05-27 06:31:31'),
(57, 'PUBLIE OU NON UNE  VIDEO DE SA VOLEUSE ?', 'publie-ou-non-une-video-de-sa-voleuse', 'http://yehnidjidji.blogspot.com/2012/05/publie-ou-non-une-video-de-sa-voleuse.html', 7, 'http://3.bp.blogspot.com/-StwOeclVAok/T7s1rCGxJXI/AAAAAAAAAcE/sHO_f4LPVzo/s72-c/lib.jpg', 'La blogueuse la plus influente du Nigéria, Linda Ikeji, s''est fait voler son téléphone pendant qu''elle essayait des chaussures dans un magasin. C''est une fois dans son véhicule qu''elle a réalisé l''absence de l''appareil. A part le personnel du magasin, il ', 1, 0, '2012-05-22 02:47:00', '2012-05-27 06:31:32'),
(58, 'INFOS: GREVE DES WORO-WOROS D''ANGRE', 'infos-greve-des-woro-woros-d-angre', 'http://yehnidjidji.blogspot.com/2012/05/infos-greve-des-woro-woros-dangre.html', 7, 'http://2.bp.blogspot.com/-Sw3ylpZ3ZaA/TrGXbQhhfjI/AAAAAAAABvM/3-plT0UQdss/s150/IMG_7337%2B-%2BCopy.JPG', 'Je viens d''apprendre que les véhicules de transport en commun de la zone , communément appelé Woro-woros, font la grève depuis 11h40 ce matin. Raison: les syndicats majorent le tarif de chargement et de stationnement de 300 F CFA ( soit de 700 F le taux e', 1, 0, '2012-05-21 12:09:00', '2012-05-27 06:32:38'),
(59, 'ANARQUE AVEC LES JNTIC', 'anarque-avec-les-jntic', 'http://yehnidjidji.blogspot.com/2012/05/anarque-avec-les-jntic.html', 7, '', 'Les Journées Nationales des TIC n''ont pas encore fini de faire parler d''elles. Cette fois ce sont des anarqueurs, qui les utilisent pour soutirer des informations aux gens. Il faut louer leur esprit d''adaptation et de réactivité. Mais dommage qu''il soit m', 1, 0, '2012-05-21 11:15:00', '2012-05-27 06:32:40'),
(60, 'LES MÉDICAMENTS MIRACLES', 'les-medicaments-miracles', 'http://yehnidjidji.blogspot.com/2012/05/les-medicaments-miracles.html', 7, '', 'Paru dans l''intelligent d''Abidjan du Mercredi 16 Mai 2012. Toute école digne de ce nom est censée se doter d''un pôle médical. Un endroit qui va bien au-delà de la petite boîte à pharmacie que chacun essaie de constituer à domicile.', 1, 0, '2012-05-21 07:19:00', '2012-05-27 06:32:43'),
(61, 'UN LECTEUR: POURQUOI JE NE SUIS PAS ALLÉ AUX JNTIC 2012', 'un-lecteur-pourquoi-je-ne-suis-pas-alle-aux-jntic-2012', 'http://yehnidjidji.blogspot.com/2012/05/un-lecteur-pourquoi-je-ne-suis-pas-alle.html', 7, '', 'J''avais promis repartir aux JNTIC 2012 pour un article de fond, mal m''en a pris. Au lieu de revenir sur le désordre monumental et le parcours du combattant pour avoir le badge d''entrée gratuit qui s''est vu affubler d''une taxe obligatoire de 1000 F CFA je ', 1, 0, '2012-05-17 08:10:00', '2012-05-27 06:32:47'),
(62, 'YEHNI DJIDJI AUX JNTICS 2012', 'yehni-djidji-aux-jntics-2012', 'http://yehnidjidji.blogspot.com/2012/05/yehni-djidji-aux-jntics.html', 7, 'http://2.bp.blogspot.com/-IuLqQudhHvE/T7OrsM4JbeI/AAAAAAAAAbI/r-r6ey_09BI/s72-c/JNTIC2012d.jpg', '"Mal organisée", "un grand n''importe quoi", c''est l''impression générale qui ressortait de la première journée des JNTIC 2012, à en croire les quelques avis que j''ai recueilli des participants à cet évènement. Problèmes d''organisation, d''électricité, de mi', 1, 0, '2012-05-16 07:56:00', '2012-05-27 06:32:50'),
(63, 'LES PETITES HISTOIRES DE YEHNI N°18', 'les-petites-histoires-de-yehni-n-18', 'http://yehnidjidji.blogspot.com/2012/05/les-petites-histoires-de-yehni-n18.html', 7, '', 'En pleine cérémonie de mariage. Mais je ne voulais pas rater le RDV du 12. Je ressors donc une vieille lettre. LA FEMME SOUMISE La femme soumise, idéal masculin, gloire de l''homme fier, qui bombe la poitrine tout en l''avilissant.', 1, 0, '2012-05-12 16:09:00', '2012-05-27 06:32:53'),
(64, 'LES ELUS IVOIRIENS ET LES RÉSEAUX SOCIAUX', 'les-elus-ivoiriens-et-les-reseaux-sociaux', 'http://yehnidjidji.blogspot.com/2012/05/les-elus-ivoiriens-et-les-reseaux.html', 7, 'http://3.bp.blogspot.com/--BWf7ztn1bc/T6vmGMojAkI/AAAAAAAAAX0/GvNqj0GdrFo/s72-c/soro+guillaume.jpg', 'Être ou ne pas être sur les réseaux sociaux semble être une des problématiques auxquels les hommes politiques de cette nouvelle république auront à faire face. Alain Lobognon, Sidiki Konaté, Bruno Koné, Yasmina Ouégnin sont quelques ministres et députés q', 1, 0, '2012-05-10 12:15:00', '2012-05-27 06:32:57'),
(65, '12 QUESTIONS SUR LES INSECURITY DAYS 2012', '12-questions-sur-les-insecurity-days-2012', 'http://yehnidjidji.blogspot.com/2012/05/12-questions-sur-les-insecurity-days.html', 7, 'http://4.bp.blogspot.com/-66N3hsaKxzc/T6j4ChXShVI/AAAAAAAAAXE/mrIzNk_IPkg/s72-c/nchocedric.jpg', 'Quelques questions que je me posais sur les insecurity days et auxquels Yao N''cho Cédric, promoteur de l''évènement a bien voulu répondre. 1-Comment est venue l''idée de ce concept ?', 1, 0, '2012-05-09 08:49:00', '2012-05-27 06:33:01'),
(66, 'LES FEMMES AVEUGLES EN CÔTE D''IVOIRE', 'les-femmes-aveugles-en-cote-d-ivoire', 'http://yehnidjidji.blogspot.com/2012/05/les-femmes-aveugles-en-cote-divoire.html', 7, 'http://2.bp.blogspot.com/-Sw3ylpZ3ZaA/TrGXbQhhfjI/AAAAAAAABvM/3-plT0UQdss/s150/IMG_7337%2B-%2BCopy.JPG', 'L''ONG de déficients visuels dénommée Canne Blanche a réalisé une serie de reportages sur les femmes aveugles en activité en Côte d''Ivoire. Ces films montrent une institutrice, une standardiste, un inspecteur, une commerçante d''attiéké (qui le prépare elle', 1, 0, '2012-05-07 12:01:00', '2012-05-27 06:33:05'),
(67, 'MA PREMIÈRE DÉDICACE', 'ma-premiere-dedicace', 'http://yehnidjidji.blogspot.com/2012/05/ma-premiere-dedicace.html', 7, 'http://1.bp.blogspot.com/-4sMvQx608t8/T6V5pmtfu4I/AAAAAAAAAUs/8Ru7jLi90v4/s72-c/PIC_6069.JPG', 'Je ne pourrai pas écrire aussi longuement que je l''aurais voulu. Mes doigts me font mal. Je vais aller les masser. C''était aujourd''hui la première dédicace officielle de mon livre une passion interrompue. C''était à la Librairie de la Palmeraie. Initialeme', 1, 0, '2012-05-05 15:52:00', '2012-05-27 06:32:35'),
(68, 'LES NIDS A MICROBES OU NOUS MANGEONS…', 'les-nids-a-microbes-ou-nous-mangeons', 'http://yehnidjidji.blogspot.com/2012/05/les-nids-microbes-ou-nous-mangeons.html', 7, '', 'Chronique parue dans l''Intelligent d''Abidjan du Mercredi 2 Mai 2012. Les contraintes professionnelles nous tiennent souvent loin de notre domicile aux heures de repas. Il faut donc trouver un endroit où bien manger, tout en tenant compte de notre budget. ', 1, 0, '2012-05-03 08:30:00', '2012-05-27 06:32:31'),
(69, 'BROUTEURS.COM : LA NOUVELLE SERIE DE ALAIN GUIKOU', 'brouteurs-com-la-nouvelle-serie-de-alain-guikou', 'http://yehnidjidji.blogspot.com/2012/05/brouteurscom-la-nouvelle-serie-de-alain.html', 7, 'http://img.youtube.com/vi/iz15enzOo4Y/default.jpg', 'brouteurs.com; Film ivoirien de alain guikou avec, Franck Vléhi, aurelie eliam, Guy Kalou, Landry Gnamba, Olivia yai, khady Touré, parlant de brouteurs, , four one nine, 419', 1, 0, '2012-05-03 06:13:00', '2012-05-27 06:32:27'),
(70, 'CLASSEMENT PREMIER TRIMESTRE 2012 DES PERIODIQUES IVOIRIENS', 'classement-premier-trimestre-2012-des-periodiques-ivoiriens', 'http://yehnidjidji.blogspot.com/2012/05/classement-premier-trimestre-2012-des.html', 7, '', 'Le CNP (Conseil National de la Presse) a publié le classement premier trimestre 2012 des périodiques par rapport au nombre d''exemplaires vendus.', 1, 0, '2012-05-02 11:07:00', '2012-05-27 06:32:22'),
(71, 'FÊTE NATIONALE DU TRAVAIL 2012', 'fete-nationale-du-travail-2012', 'http://yehnidjidji.blogspot.com/2012/05/fete-nationale-du-travail-2012.html', 7, '', 'Je n''avait jamais écouté les allocutions pendant la fête du travail. Hier, j''ai pris la cérémonie en marche sur la RTI première chaîne et j''avoue que j''ai entendu quelques propos édifiants parmi les doléances des syndicats. -70% des retraités du privé tou', 1, 0, '2012-05-02 05:15:00', '2012-05-27 06:33:14'),
(72, 'VIDEO: DÉSHABILLÉE ET HUMILIÉE A ADJAME', 'video-deshabillee-et-humiliee-a-adjame', 'http://yehnidjidji.blogspot.com/2012/05/video-deshabillee-et-humiliee-adjame.html', 7, '', 'On ne le dira jamais assez, les valeurs morales s''amenuisent. Cela bien sûr se ressent de plusieurs façons et le style vestimentaire est l''une des manières les plus aisées d''identifier cette dégradation catastrophique des mœurs. Autrefois, les femmes étai', 1, 0, '2012-05-01 12:16:00', '2012-05-27 06:34:14'),
(73, 'LES PRESELECTIONS REGIONALES DE MISS CÔTE D''IVOIRE', 'les-preselections-regionales-de-miss-cote-d-ivoire', 'http://yehnidjidji.blogspot.com/2012/05/les-preselections-regionales-de-miss.html', 7, 'http://1.bp.blogspot.com/-rLWOFYHWwm0/T5-EdySvFsI/AAAAAAAAATA/awjj0vxlPGc/s72-c/MISS+TARABA+STATE.jpg', 'Miss Côte d''Ivoire. Cette fois je ne veux pas revenir sur le duel concours de beauté contre concours intellectuel. Il s''agit plutôt de la notion de présélection régionale. J''ai voulu parler du problème à cause d''un cas inédit qui se passe au Nigéria en ce', 1, 0, '2012-05-01 02:52:00', '2012-05-27 06:34:02'),
(74, 'DEDICACE DE MON LIVRE UNE PASSION INTERROMPUE', 'dedicace-de-mon-livre-une-passion-interrompue', 'http://yehnidjidji.blogspot.com/2012/04/dedicace-de-mon-livre-une-passion.html', 7, 'http://4.bp.blogspot.com/-CJVr5Zr6sS4/T561AntSQJI/AAAAAAAAASc/ooo6P69VLEs/s72-c/dedicace+yehni.jpg', 'En classe de quatrième j''écrivais un livre. Ce n''était pas la première fois que je m''essayais à cet exercice. Cependant, c''était ma première expérience que je trouvais réussie. Les personnages étaient plus réels, plus authentiques. Ce livre parlait d''une ', 1, 0, '2012-04-30 08:16:00', '2012-05-27 06:34:23'),
(75, 'EMBRASSER LES ENFANTS SUR LA BOUCHE : BON OU MAUVAIS ?', 'embrasser-les-enfants-sur-la-bouche-bon-ou-mauvais', 'http://yehnidjidji.blogspot.com/2012/04/embrasser-les-enfants-sur-la-bouche-bon.html', 7, 'http://4.bp.blogspot.com/-eU0cogRUxnU/T5u0O83NEsI/AAAAAAAAASE/kLvf2SaN5H4/s72-c/father+daughter.jpg', 'Les médecins déconseillent en général d''embrasser les bébés sur la bouche à cause de leur fragilité et des germes qu''ils peuvent attraper. Des virus inoffensifs pour l''adulte que vous êtes peuvent s''avérer dangereuses pour l''enfant. Mais ici il ne s''agit ', 1, 0, '2012-04-28 05:15:00', '2012-05-27 06:33:52'),
(76, 'LES GROSSES LACUNES DES AGENCES DE PLACEMENT', 'les-grosses-lacunes-des-agences-de-placement', 'http://yehnidjidji.blogspot.com/2012/04/les-grosses-lacunes-des-agences-de.html', 7, '', 'Paru dans l''intelligent d''Abidjan du 25 Avril 2012 La cherté de la vie oblige les mamans à participer au bien-être financier de la famille en travaillant. Elles ne peuvent plus accorder la même attention qu''avant à leurs enfants et se voient obligées de c', 1, 0, '2012-04-27 05:39:00', '2012-05-27 06:33:44'),
(77, 'BABI: UN NOUVEAU COURT METRAGE IVOIRIEN', 'babi-un-nouveau-court-metrage-ivoirien', 'http://yehnidjidji.blogspot.com/2012/04/babi-un-nouveau-court-metrage-ivoirien.html', 7, '', 'Le cinéma ivoirien est pauvre en production dit-on. Mais le plus grave, c''est qu''il manque encore plus de production de qualité. Je ne crois pas qu''on puisse faire ce reproche au court-métrage BABI de la jeune réalisatrice ivoirienne Siam Marley.', 1, 0, '2012-04-26 06:06:00', '2012-05-27 06:33:35'),
(78, 'JOURNEE MONDIALE DU PALUDISME', 'journee-mondiale-du-paludisme', 'http://yehnidjidji.blogspot.com/2012/04/journee-mondiale-du-paludisme.html', 7, 'http://1.bp.blogspot.com/-dll-paVpolI/T5f_HrQRstI/AAAAAAAAARk/1wM6nFTAsgk/s72-c/paludisme.jpg', 'Aujourd''hui , c''est la journée mondiale du Paludisme. J''aurais préféré "journée mondiale de lutte contre le paludisme", mais bon, je ne siège pas encore à l''assemblée mondiale de la santé. Pour célébrer cette journée deux décrets ont été signé. 1-chacun d', 1, 0, '2012-04-25 09:57:00', '2012-05-27 06:33:28'),
(79, 'L''ENFANT N''EST PLUS LE BIEN DE TOUS !', 'l-enfant-n-est-plus-le-bien-de-tous', 'http://yehnidjidji.blogspot.com/2012/04/lenfant-nest-plus-le-bien-de-tous.html', 7, '', 'L''année dernière, le fils d''une voisine de quartier, environ huit ans, a découvert un hobby fort intelligent: gratter la peinture de la voiture de ma mère avec un morceau de fer. Toujours pour le "gratteur", un seul jour pour le propriétaire. Le jour du p', 1, 0, '2012-04-25 03:42:00', '2012-05-27 06:33:21'),
(105, '10 Reasons why your Facebook friend request is still queued', '10-reasons-why-your-facebook-friend-request-is-still-queued', 'http://feedproxy.google.com/~r/Nnenna/~3/DTSWJBVCjj4/10-reasons-why-your-facebook-friends.html', 8, '', 'Okay, so you have sent me a Facebook friend request and since days, weeks or even months you have not heard anything. You might even have tried to send me a private message asking "Did you see my friend request?" And you did not get a reply.', 1, 6, '2012-05-27 06:28:00', '2012-05-27 15:41:19'),
(106, '7 Reasons Jean Ping needs to step aside as African Union Commission''s Chair', '7-reasons-jean-ping-needs-to-step-aside-as-african-union-commission-s-chair', 'http://feedproxy.google.com/~r/Nnenna/~3/2YweAF1GToM/7-reasons-jean-ping-needs-to-step-aside.html', 8, 'http://1.bp.blogspot.com/-mA8qD2BDYSk/T7zm6ZT6AwI/AAAAAAAAARE/S77IJ6_IHtM/s72-c/Jean+Ping.jpg', 'In January, the African Union Summit held in its very new headquarters. The one donated by China. One of the items on the agenda was the election of the Chairperson of the African Union Commission. Since the creation of the original Organisation of Africa', 1, 0, '2012-05-23 10:12:00', '2012-05-27 08:28:22'),
(107, 'L''OBV des JNTIC 2012', 'l-obv-des-jntic-2012', 'http://feedproxy.google.com/~r/Nnenna/~3/SQm2D8l6MqU/lobv-des-jntic-2012.html', 8, 'http://1.bp.blogspot.com/-TOYstmnuP44/T7VUct0zBcI/AAAAAAAAAQw/vRN3vBcSFFI/s72-c/100_9721.JPG', 'Les journées internationales des technologies de l''information et de la communication battent leur plein à Abidjan. Après 3 jours, soit on y est allé, soit, on suit sur les réseaux sociaux. Un petit mot de ma part.. pour relever ce que j''appelle l''OBV de ', 1, 0, '2012-05-17 15:54:00', '2012-05-27 08:28:23'),
(108, 'MAG: To be or not to be?', 'mag-to-be-or-not-to-be', 'http://feedproxy.google.com/~r/Nnenna/~3/OF68Fbj8IKQ/mag-to-be-or-not-to-be.html', 8, '', 'I am reading Ginger''s "actions call" for MAG self/nominations. And it is so spirited that I have decided to write down my "thoughts" here as a blog. Will be my third blog of the day.. Looks like I''m in a bloggy mood.. if ever such a word exists.', 1, 0, '2012-02-16 17:40:00', '2012-05-27 08:28:25'),
(109, 'Les 5 ivoiriens que tu dois croiser au quartier. 1 sur 5: Le titro-socio-politico-psycho-LOGUE', 'les-5-ivoiriens-que-tu-dois-croiser-au-quartier-1-sur-5-le-titro-socio-politico-psycho-logue', 'http://feedproxy.google.com/~r/Nnenna/~3/9TSCBL1-eag/les-5-ivoiriens-que-tu-dois-croiser-au.html', 8, '', 'Il n''y a pas mal de temps que je comptais écrire ce billet de blog. Il s''agit des gens qui se trouvent dans nos quartiers, en tout cas, ici, à Abidjan. Pour ma part, je suis issue de la belle commune de Cocody. J''en suis à ma 15è année.', 1, 0, '2012-02-16 08:58:00', '2012-05-27 08:28:25'),
(110, 'AWUNSEM : Word-Weaving – An almost-extinct profession from the old Ashanti Kingdom', 'awunsem-word-weaving-an-almost-extinct-profession-from-the-old-ashanti-kingdom', 'http://feedproxy.google.com/~r/Nnenna/~3/WtzzhOut4jI/awunsem-word-weaving-almost-extinct.html', 8, 'http://3.bp.blogspot.com/-rkLCfjcCqOw/Ty6gsoZ4IvI/AAAAAAAAAJg/EDRI6yW3agY/s72-c/Awunsem4.JPG', 'I spent a wonderful weekend in Ghana recently. I met Selina Amanquanor., who captivated me. Rarely do I fall head over heels in love with anybody.. but this time, I was really star-struck.. No, I did not fall in love with the Amanquanor woman herself, but', 1, 0, '2012-02-05 10:28:00', '2012-05-27 08:31:19'),
(111, 'The Nigerian Strike: the Good, the Bad and the Ugly', 'the-nigerian-strike-the-good-the-bad-and-the-ugly', 'http://feedproxy.google.com/~r/Nnenna/~3/OkWj-R9c0EQ/nigerian-strike-good-bad-and-ugly.html', 8, 'http://3.bp.blogspot.com/-QBqLghcj-J0/TxRbYSHH_kI/AAAAAAAAAI0/yWfsBici3AM/s72-c/fuel%2Bsubsidy%2Bmarch.jpg', 'I came back from Nigeria yesterday evening, after some 8 days of stay. I arrived on Saturday the 7th.. in the heat of "there may be a strike next week" talk. And strike there was.. the whole week. By Saturday 14th, someone had named it "the mother of all ', 1, 0, '2012-01-16 13:54:00', '2012-05-27 08:32:47'),
(112, 'Il Zont lumé ''Bidjan!', 'il-zont-lume-bidjan', 'http://feedproxy.google.com/~r/Nnenna/~3/nomSCc92uMM/il-zont-lume-bidjan.html', 8, 'http://img.youtube.com/vi/_NHMxsrLeoc/default.jpg', 'Mamoudou: Eh! Bou-ari, sh''est comment? On ti voit plus là? Tu s''en fous de nous ishi maintenant ou bien ti gagné PMU? Boukary: Mais vous quartier là oo, c''est campement. Moi, yé travaille au Paris maintenant! MM: Puatate! Regarde moi, un gnamogodé comme ç', 1, 0, '2011-12-23 03:52:00', '2012-05-27 08:29:25'),
(113, '10 things Laurent Gbagbo said today to the Internation Criminal Court at the Hague', '10-things-laurent-gbagbo-said-today-to-the-internation-criminal-court-at-the-hague', 'http://feedproxy.google.com/~r/Nnenna/~3/vXt4bY46TwQ/10-things-laurent-gbagbo-said-today-to.html', 8, '', 'Laurent Gbagbo has just finished his first appearance at the tribunal of the Internation Criminal court. The Presiding judge was Silvia Fernandez Gourmendi. Here are the 10 things he said. Each point gives insight to what is to come, beginning from the 18', 1, 0, '2011-12-05 08:57:00', '2012-05-27 08:29:39'),
(114, 'Senegal: waiting to explode', 'senegal-waiting-to-explode', 'http://feedproxy.google.com/~r/Nnenna/~3/9z6KVwPByE0/senegal-waiting-to-explode.html', 8, '', 'At about three months to the presidential elections in Senegal, the demons are rearing their heads. As the debates are heating up, and political sentiments are rising on the mercury scale, it is our duty to raise an alarm. Senegal is a political situation', 1, 0, '2011-11-27 18:25:00', '2012-05-27 08:32:49'),
(115, 'Open letter to MENA of NIGER', 'open-letter-to-mena-of-niger', 'http://feedproxy.google.com/~r/Nnenna/~3/cvwH8cBVT4c/open-letter-to-mena-of-niger.html', 8, '', 'Yeah, so you qualified for the 2012 African Cup of Nations? Okay, noted. We hear you. This letter comes as a reaction to the fact that instead of planning your friendly matches, you are touring the country from South to North, East to West.. celebrating y', 1, 0, '2011-10-13 08:14:00', '2012-05-27 08:32:04'),
(116, 'The men who rape us', 'the-men-who-rape-us', 'http://feedproxy.google.com/~r/Nnenna/~3/rrr_EpgU6P4/men-who-rape-us.html', 8, '', 'I am checking on the topics in Nigeria and I am horrified at the gang rape perpetrated by some five male students on a female students. Sugabelly, in her outcry blog on this issue has expressed my feelings and I see the students at the University are bein', 1, 0, '2011-09-19 18:20:00', '2012-05-27 08:32:41'),
(117, 'Of the Nigerian Immigration Service, the e-Passport and its reissuance: my story', 'of-the-nigerian-immigration-service-the-e-passport-and-its-reissuance-my-story', 'http://feedproxy.google.com/~r/Nnenna/~3/u7T5c0usFX4/of-nigerian-immigraton-service-e.html', 8, 'https://lh4.googleusercontent.com/-iV06mvPNCmY/TkjUWZRjs6E/AAAAAAAAAHw/--VqJEmBjnk/s72-c/August152011.jpg', 'Its been well over one week now that I got my electronic passport reissued in Abuja, Nigeria. I needed to give some time before this blog, because I did not want it colored with personal sentiments. I always do this when I think something is important.', 1, 0, '2011-08-15 03:58:00', '2012-05-27 08:32:42'),
(118, 'Cote d''Ivoire: Government  Ethics Charter', 'cote-d-ivoire-government-ethics-charter', 'http://feedproxy.google.com/~r/Nnenna/~3/PABPcnZitJU/cote-divoire-government-ethics-charter.html', 8, '', 'The Ministerial function represents a very important public responsibility at State level. It is based on confidence, on one hand, between the sovereign people of Côte d''Ivoire and the President of the Republic and, on the other, between the President of ', 1, 0, '2011-08-09 15:59:00', '2012-05-27 08:32:51'),
(119, 'Is Abidjan back? De retour à Abidjan', 'is-abidjan-back-de-retour-a-abidjan', 'http://feedproxy.google.com/~r/Nnenna/~3/jEHv7pZkWU0/is-abidjan-back-de-retour-abidjan.html', 8, '', 'Je suis rentrée à Abidjan. J''écris de la maison sur ce vieux divan qui me connait tant! Il y a pas mal de poussière mais .. bof! C''est chez moi. Quand la voiture s''est garée avec mes 4 valises et deux autres sacs, tous les gardiens du quartier ont "fait m', 1, 0, '2011-06-22 15:40:00', '2012-05-27 08:32:54'),
(120, 'Travel by phone:  how ICT adds zest to my life!', 'travel-by-phone-how-ict-adds-zest-to-my-life', 'http://feedproxy.google.com/~r/Nnenna/~3/12MhTNuO6b4/travel-by-phone-how-ict-adds-zest-to-my.html', 8, '', 'Yesterday I did a different kind of travel. I traveled through the greater Accra, the Central, the Eastern and finally the Western regions of Ghana. All the time, seated in front of my computer, doing research, and drafting a paper for an African-Union re', 1, 0, '2011-05-31 03:21:00', '2012-05-27 08:32:55'),
(121, 'Africa, Nigeria, and the likes of John Campbell', 'africa-nigeria-and-the-likes-of-john-campbell', 'http://feedproxy.google.com/~r/Nnenna/~3/idi6chAlLUQ/africa-nigeria-and-likes-of-john.html', 8, '', 'On September 9, 2010, John Campbell wrote an article titled: Nigeria on the Brink: What happens if the 2011 elections fail? in which he began by saying: The 2011 elections in Nigeria, scheduled for January 22, pose a threat to the stability of the United ', 1, 0, '2011-05-19 08:14:00', '2012-05-27 08:32:56'),
(122, 'La guerre de Babi: ou quand le soleil se couche à midi. (En Franco-Ivoiro-Nouchi)', 'la-guerre-de-babi-ou-quand-le-soleil-se-couche-a-midi-en-franco-ivoiro-nouchi', 'http://feedproxy.google.com/~r/Nnenna/~3/U_2tdLr6aY4/la-guerre-de-babi-ou-quand-le-soleil-se.html', 8, '', 'Djiàà c''est ça même kon appel la guerre. Pouatate! Mon vieux, Abidjan a prit drap dêh! Moi j''ai vu pour Guei Robert. Suis allé à Adjame pour prendre pour moi par apport à la fête de noêl quoi. Et les môgos on du gratter de là où on était pour rentrer à pi', 1, 0, '2011-04-03 07:54:00', '2012-05-27 08:32:57'),
(123, '#CIV2010 – Hash tag or Hate tag?', 'civ2010-hash-tag-or-hate-tag', 'http://feedproxy.google.com/~r/Nnenna/~3/iie3hpnOues/civ2010-hash-tag-or-hate-tag.html', 8, '', 'The tag was kicked off on Twitter around October 2010. The idea was to get citizens interested in the upcoming elections to use it. So we used it as a monitoring tag for the campaigns and all the surrounding issues of the first presidential elections in t', 1, 0, '2011-04-03 06:16:00', '2012-05-27 08:32:58'),
(124, 'ODE A LA COTE D''IVOIRE', 'ode-a-la-cote-d-ivoire', 'http://feedproxy.google.com/~r/Nnenna/~3/BjIvE1Ohds0/ode-la-cote-divoire.html', 8, 'https://lh4.googleusercontent.com/-jZDZL7vvomU/TWke_eYVBeI/AAAAAAAAAEY/fat7-arD_MY/s72-c/CIV.png', 'Il s''agissait des alarmes Et nous voici plein de larmes Côte d''Ivoire se trouve en armes Nous assistons la mort dans l''âme Il ne s''agit plus des jeux Ou encore un jeu des mots Il ne s''agit plus d''ADO Ou encore Laurent Gbagbo Après tout ce temps d''attente ', 1, 0, '2011-02-26 10:45:00', '2012-05-27 08:32:59'),
(126, 'The next African leaders to quit power', 'the-next-african-leaders-to-quit-power', 'http://feedproxy.google.com/~r/Nnenna/~3/PqAJD4ffKIE/next-african-leaders-to-quit-power.html', 8, '', 'It is the beginning of February 2011. Tunisia has kicked off the year in grand style. Now the Egyptians are also protesting, asking that their President Hosni Mubarak leave power. Despite all that he has ceded and agreed to cede, the people still want him', 1, 0, '2011-02-06 13:15:00', '2012-05-27 08:33:00'),
(127, 'Who will jail web democracy in Africa?', 'who-will-jail-web-democracy-in-africa', 'http://feedproxy.google.com/~r/Nnenna/~3/U5RU3bZcjew/who-will-jail-web-democracy-in-africa.html', 8, '', 'Last year, on one of the evenings of the FIFA Soccer World Cup in South Africa, Arch Bishop Desmond Tutu came to speak to a group of us. A garden filled with media people from all over the world.', 1, 0, '2011-02-04 08:17:00', '2012-05-27 08:33:02'),
(128, 'People''s Democratic Party - PDP (Nigeria) Presidential Primaries.', 'people-s-democratic-party-pdp-nigeria-presidential-primaries', 'http://feedproxy.google.com/~r/Nnenna/~3/SB0osA2jlmk/peoples-democratic-party-pdp-nigeria.html', 8, 'http://badge.facebook.com/badge/513723363.4660.789650757.png', 'Here are the figures captured on Thursday''s primaries at the Eagle Square Abuja as teh state delegates votes were being counted. The third Candidate, Mrs Sarah Jubril only had her own vote. So please start the count with Sarah Jubril 1 vote in Kwara State', 1, 0, '2011-01-13 23:55:00', '2012-05-27 08:33:04'),
(129, 'Will power sharing work in Côte d''Ivoire?  10 critical questions.', 'will-power-sharing-work-in-cote-d-ivoire-10-critical-questions', 'http://feedproxy.google.com/~r/Nnenna/~3/KmM2eiowCWo/will-power-sharing-work-in-cote-divoire.html', 8, '', 'Elections for the presidential run off took place in Côte d''Ivoire on Sunday the 28th of November. A curfew was set in place two days before. It is the 10th of November today. What the country has is double of what they voted for: 2 Presidents, 2 Prime Mi', 1, 0, '2010-12-10 04:30:00', '2012-05-27 08:33:05');

--
-- Dumping data for table `tagged`
--

INSERT INTO `tagged` (`id`, `foreign_key`, `tag_id`, `model`, `language`, `times_tagged`, `created`, `modified`) VALUES
('4fc1e125-3378-4c1f-845e-0cacb4e51d81', '1', '4fc1e125-dac4-4093-980b-0cacb4e51d81', 'Post', NULL, 1, '2012-05-27 04:09:09', '2012-05-27 04:09:09'),
('4fc1e125-add8-46ab-a72b-0cacb4e51d81', '1', '4fc1e125-9618-4f57-ab27-0cacb4e51d81', 'Post', NULL, 1, '2012-05-27 04:09:09', '2012-05-27 04:09:09'),
('4fc1e125-4afc-49f5-a025-0cacb4e51d81', '1', '4fc1e125-2b24-437f-bfd7-0cacb4e51d81', 'Post', NULL, 1, '2012-05-27 04:09:09', '2012-05-27 04:09:09'),
('4fc1e125-a2fc-4dcf-82e5-0cacb4e51d81', '1', '4fc1e125-603c-49e6-b7ec-0cacb4e51d81', 'Post', NULL, 1, '2012-05-27 04:09:09', '2012-05-27 04:09:09'),
('4fc1e125-0268-4c95-98ed-0cacb4e51d81', '1', '4fc1e125-e8ac-49e8-b08a-0cacb4e51d81', 'Post', NULL, 1, '2012-05-27 04:09:09', '2012-05-27 04:09:09'),
('4fc1e125-4d50-4821-b0e0-0cacb4e51d81', '2', '4fc1e125-dac4-4093-980b-0cacb4e51d81', 'Post', NULL, 1, '2012-05-27 04:09:09', '2012-05-27 04:09:09'),
('4fc1e125-1b24-44ec-a548-0cacb4e51d81', '2', '4fc1e125-e5e8-41c6-a0f1-0cacb4e51d81', 'Post', NULL, 1, '2012-05-27 04:09:09', '2012-05-27 04:09:09'),
('4fc1e125-adfc-4dca-a976-0cacb4e51d81', '2', '4fc1e125-068c-44d6-a452-0cacb4e51d81', 'Post', NULL, 1, '2012-05-27 04:09:09', '2012-05-27 04:09:09'),
('4fc1e125-61a4-488a-a843-0cacb4e51d81', '2', '4fc1e125-0e94-470d-b5f1-0cacb4e51d81', 'Post', NULL, 1, '2012-05-27 04:09:09', '2012-05-27 04:09:09'),
('4fc1e125-e4dc-46c3-bc94-0cacb4e51d81', '2', '4fc1e125-ff90-4baa-bd4e-0cacb4e51d81', 'Post', NULL, 1, '2012-05-27 04:09:09', '2012-05-27 04:09:09'),
('4fc1e125-fadc-4f81-9a74-0cacb4e51d81', '3', '4fc1e125-dac4-4093-980b-0cacb4e51d81', 'Post', NULL, 1, '2012-05-27 04:09:09', '2012-05-27 04:09:09'),
('4fc1e125-a3f8-48ce-937a-0cacb4e51d81', '3', '4fc1e125-be2c-41ef-a8f7-0cacb4e51d81', 'Post', NULL, 1, '2012-05-27 04:09:09', '2012-05-27 04:09:09'),
('4fc1e125-2348-4e3f-be02-0cacb4e51d81', '3', '4fc1e125-6918-400b-aa7c-0cacb4e51d81', 'Post', NULL, 1, '2012-05-27 04:09:09', '2012-05-27 04:09:09'),
('4fc1e125-a5b8-4cc1-a5b0-0cacb4e51d81', '3', '4fc1e125-aed8-4625-8b15-0cacb4e51d81', 'Post', NULL, 1, '2012-05-27 04:09:09', '2012-05-27 04:09:09'),
('4fc1e125-1c70-4b23-b305-0cacb4e51d81', '3', '4fc1e125-a8d0-47c2-b4cb-0cacb4e51d81', 'Post', NULL, 1, '2012-05-27 04:09:09', '2012-05-27 04:09:09'),
('4fc1e125-0cd0-45b6-a512-0cacb4e51d81', '4', '4fc1e125-dac4-4093-980b-0cacb4e51d81', 'Post', NULL, 1, '2012-05-27 04:09:09', '2012-05-27 04:09:09'),
('4fc1e125-38c8-4854-a0b4-0cacb4e51d81', '4', '4fc1e125-068c-44d6-a452-0cacb4e51d81', 'Post', NULL, 1, '2012-05-27 04:09:09', '2012-05-27 04:09:09'),
('4fc1e125-082c-48d9-891b-0cacb4e51d81', '4', '4fc1e125-9d08-480a-acaf-0cacb4e51d81', 'Post', NULL, 1, '2012-05-27 04:09:09', '2012-05-27 04:09:09'),
('4fc1e125-d59c-4c3d-a167-0cacb4e51d81', '4', '4fc1e125-d710-4a57-b85a-0cacb4e51d81', 'Post', NULL, 1, '2012-05-27 04:09:09', '2012-05-27 04:09:09'),
('4fc1e125-6680-41c6-bab7-0cacb4e51d81', '4', '4fc1e125-d748-447d-afb6-0cacb4e51d81', 'Post', NULL, 1, '2012-05-27 04:09:09', '2012-05-27 04:09:09'),
('4fc1e125-26d0-48a6-9559-0cacb4e51d81', '5', '4fc1e125-2b24-437f-bfd7-0cacb4e51d81', 'Post', NULL, 1, '2012-05-27 04:09:09', '2012-05-27 04:09:09'),
('4fc1e125-5db8-49fc-835e-0cacb4e51d81', '5', '4fc1e125-ff90-4baa-bd4e-0cacb4e51d81', 'Post', NULL, 1, '2012-05-27 04:09:09', '2012-05-27 04:09:09'),
('4fc1e125-1d18-41cc-8c80-0cacb4e51d81', '5', '4fc1e125-1be8-4018-a52f-0cacb4e51d81', 'Post', NULL, 1, '2012-05-27 04:09:09', '2012-05-27 04:09:09'),
('4fc1e125-ccd8-46a0-83db-0cacb4e51d81', '5', '4fc1e125-4bc8-4730-81b2-0cacb4e51d81', 'Post', NULL, 1, '2012-05-27 04:09:09', '2012-05-27 04:09:09'),
('4fc1e125-d1c0-4093-aacd-0cacb4e51d81', '5', '4fc1e125-4ad4-43cf-a451-0cacb4e51d81', 'Post', NULL, 1, '2012-05-27 04:09:09', '2012-05-27 04:09:09'),
('4fc1e125-6f24-4742-a7b5-0cacb4e51d81', '5', '4fc1e125-7dd4-4750-9557-0cacb4e51d81', 'Post', NULL, 1, '2012-05-27 04:09:09', '2012-05-27 04:09:09'),
('4fc1e125-1138-44fe-b089-0cacb4e51d81', '5', '4fc1e125-88fc-486b-856a-0cacb4e51d81', 'Post', NULL, 1, '2012-05-27 04:09:09', '2012-05-27 04:09:09'),
('4fc1e125-d428-4233-a7ab-0cacb4e51d81', '6', '4fc1e125-dac4-4093-980b-0cacb4e51d81', 'Post', NULL, 1, '2012-05-27 04:09:09', '2012-05-27 04:09:09'),
('4fc1e125-84b0-4bee-892a-0cacb4e51d81', '6', '4fc1e125-7dd4-4750-9557-0cacb4e51d81', 'Post', NULL, 1, '2012-05-27 04:09:09', '2012-05-27 04:09:09'),
('4fc1e125-0aa4-43eb-975c-0cacb4e51d81', '6', '4fc1e125-b628-4cd2-9dbc-0cacb4e51d81', 'Post', NULL, 1, '2012-05-27 04:09:09', '2012-05-27 04:09:09'),
('4fc1e125-9098-4b07-ba50-0cacb4e51d81', '6', '4fc1e125-d474-4b48-b1b0-0cacb4e51d81', 'Post', NULL, 1, '2012-05-27 04:09:09', '2012-05-27 04:09:09'),
('4fc1e125-168c-44a7-b68a-0cacb4e51d81', '6', '4fc1e125-ffa4-4e63-9694-0cacb4e51d81', 'Post', NULL, 1, '2012-05-27 04:09:09', '2012-05-27 04:09:09'),
('4fc1e125-b3c4-4bb1-8cc6-0cacb4e51d81', '7', '4fc1e125-1be8-4018-a52f-0cacb4e51d81', 'Post', NULL, 1, '2012-05-27 04:09:09', '2012-05-27 04:09:09'),
('4fc1e125-edcc-4785-b1de-0cacb4e51d81', '7', '4fc1e125-128c-482a-b2aa-0cacb4e51d81', 'Post', NULL, 1, '2012-05-27 04:09:09', '2012-05-27 04:09:09'),
('4fc1e125-8a68-4b7b-bb27-0cacb4e51d81', '7', '4fc1e125-45f0-4cf4-ae52-0cacb4e51d81', 'Post', NULL, 1, '2012-05-27 04:09:09', '2012-05-27 04:09:09'),
('4fc1e125-26a0-4109-a0b4-0cacb4e51d81', '7', '4fc1e125-66f8-4a24-b639-0cacb4e51d81', 'Post', NULL, 1, '2012-05-27 04:09:09', '2012-05-27 04:09:09'),
('4fc1e125-b07c-4c1b-872f-0cacb4e51d81', '7', '4fc1e125-5bdc-463c-8c47-0cacb4e51d81', 'Post', NULL, 1, '2012-05-27 04:09:09', '2012-05-27 04:09:09'),
('4fc1e126-e588-4a7f-9890-0cacb4e51d81', '8', '4fc1e125-1be8-4018-a52f-0cacb4e51d81', 'Post', NULL, 1, '2012-05-27 04:09:10', '2012-05-27 04:09:10'),
('4fc1e126-8ea4-4660-bdf2-0cacb4e51d81', '8', '4fc1e125-66f8-4a24-b639-0cacb4e51d81', 'Post', NULL, 1, '2012-05-27 04:09:10', '2012-05-27 04:09:10'),
('4fc1e126-2cd0-4d93-ac6c-0cacb4e51d81', '8', '4fc1e126-b9b0-4528-9515-0cacb4e51d81', 'Post', NULL, 1, '2012-05-27 04:09:10', '2012-05-27 04:09:10'),
('4fc1e126-bcec-4f8d-9331-0cacb4e51d81', '8', '4fc1e126-ebe8-4fa4-a7d8-0cacb4e51d81', 'Post', NULL, 1, '2012-05-27 04:09:10', '2012-05-27 04:09:10'),
('4fc1e126-ad70-45dc-a7a8-0cacb4e51d81', '9', '4fc1e125-dac4-4093-980b-0cacb4e51d81', 'Post', NULL, 1, '2012-05-27 04:09:10', '2012-05-27 04:09:10'),
('4fc1e126-743c-465c-8a41-0cacb4e51d81', '9', '4fc1e125-9618-4f57-ab27-0cacb4e51d81', 'Post', NULL, 1, '2012-05-27 04:09:10', '2012-05-27 04:09:10'),
('4fc1e126-11a0-4617-8b1b-0cacb4e51d81', '9', '4fc1e125-be2c-41ef-a8f7-0cacb4e51d81', 'Post', NULL, 1, '2012-05-27 04:09:10', '2012-05-27 04:09:10'),
('4fc1e126-b864-44a3-8b3d-0cacb4e51d81', '9', '4fc1e125-1be8-4018-a52f-0cacb4e51d81', 'Post', NULL, 1, '2012-05-27 04:09:10', '2012-05-27 04:09:10'),
('4fc1e126-5ba4-4151-8fc4-0cacb4e51d81', '9', '4fc1e126-ba28-4917-9db7-0cacb4e51d81', 'Post', NULL, 1, '2012-05-27 04:09:10', '2012-05-27 04:09:10'),
('4fc1e126-f19c-4efa-b4ca-0cacb4e51d81', '9', '4fc1e126-3c10-46f1-9874-0cacb4e51d81', 'Post', NULL, 1, '2012-05-27 04:09:10', '2012-05-27 04:09:10'),
('4fc1e126-9860-4c46-ab61-0cacb4e51d81', '9', '4fc1e126-6038-473d-b888-0cacb4e51d81', 'Post', NULL, 1, '2012-05-27 04:09:10', '2012-05-27 04:09:10'),
('4fc1e126-3d94-43c9-b09a-0cacb4e51d81', '9', '4fc1e126-6a98-4089-bdc5-0cacb4e51d81', 'Post', NULL, 1, '2012-05-27 04:09:10', '2012-05-27 04:09:10'),
('4fc1e126-184c-4132-b3ac-0cacb4e51d81', '9', '4fc1e126-6620-470b-bde3-0cacb4e51d81', 'Post', NULL, 1, '2012-05-27 04:09:10', '2012-05-27 04:09:10'),
('4fc1e126-4124-4dbf-8081-0cacb4e51d81', '9', '4fc1e126-6c34-4d41-8118-0cacb4e51d81', 'Post', NULL, 1, '2012-05-27 04:09:10', '2012-05-27 04:09:10'),
('4fc1e126-eaa4-494c-a8a8-0cacb4e51d81', '9', '4fc1e126-75cc-4a92-91d3-0cacb4e51d81', 'Post', NULL, 1, '2012-05-27 04:09:10', '2012-05-27 04:09:10'),
('4fc1e126-b74c-4b62-be85-0cacb4e51d81', '9', '4fc1e126-a5ac-4fee-8530-0cacb4e51d81', 'Post', NULL, 1, '2012-05-27 04:09:10', '2012-05-27 04:09:10'),
('4fc1e126-6068-4822-9289-0cacb4e51d81', '9', '4fc1e126-fe90-4a15-a010-0cacb4e51d81', 'Post', NULL, 1, '2012-05-27 04:09:10', '2012-05-27 04:09:10'),
('4fc1e520-4c78-4056-b75d-0d82b4e51d81', '10', '4fc1e520-639c-43d5-95d9-0d82b4e51d81', 'Post', NULL, 1, '2012-05-27 04:26:08', '2012-05-27 04:26:08'),
('4fc1e520-253c-4c41-a6c0-0d82b4e51d81', '10', '4fc1e520-43a8-4103-b207-0d82b4e51d81', 'Post', NULL, 1, '2012-05-27 04:26:08', '2012-05-27 04:26:08'),
('4fc1e520-cad4-4c2f-8a8f-0d82b4e51d81', '10', '4fc1e520-4124-45ea-95c6-0d82b4e51d81', 'Post', NULL, 1, '2012-05-27 04:26:08', '2012-05-27 04:26:08'),
('4fc1e520-6324-4fcc-892e-0d82b4e51d81', '10', '4fc1e520-447c-469e-9b91-0d82b4e51d81', 'Post', NULL, 1, '2012-05-27 04:26:08', '2012-05-27 04:26:08'),
('4fc1e520-fef8-44e0-82df-0d82b4e51d81', '10', '4fc1e520-37d0-4ae8-8209-0d82b4e51d81', 'Post', NULL, 1, '2012-05-27 04:26:08', '2012-05-27 04:26:08'),
('4fc1e520-9b94-4d7d-b4e7-0d82b4e51d81', '10', '4fc1e520-35b0-4218-98ac-0d82b4e51d81', 'Post', NULL, 1, '2012-05-27 04:26:08', '2012-05-27 04:26:08'),
('4fc1e520-eba4-49b1-ac1f-0d82b4e51d81', '11', '4fc1e520-6f88-4ec0-8502-0d82b4e51d81', 'Post', NULL, 1, '2012-05-27 04:26:08', '2012-05-27 04:26:08'),
('4fc1e520-91a0-49f7-9ee5-0d82b4e51d81', '11', '4fc1e520-a670-4f54-912d-0d82b4e51d81', 'Post', NULL, 1, '2012-05-27 04:26:08', '2012-05-27 04:26:08'),
('4fc1e520-3224-4bd6-bf4a-0d82b4e51d81', '11', '4fc1e520-9d48-4491-8913-0d82b4e51d81', 'Post', NULL, 1, '2012-05-27 04:26:08', '2012-05-27 04:26:08'),
('4fc1e520-c754-4aaa-bfe6-0d82b4e51d81', '11', '4fc1e520-9290-4c8d-8d63-0d82b4e51d81', 'Post', NULL, 1, '2012-05-27 04:26:08', '2012-05-27 04:26:08'),
('4fc1e520-5b50-4d94-b7bd-0d82b4e51d81', '12', '4fc1e125-068c-44d6-a452-0cacb4e51d81', 'Post', NULL, 1, '2012-05-27 04:26:08', '2012-05-27 04:26:08'),
('4fc1e520-0ca0-46c1-a528-0d82b4e51d81', '12', '4fc1e520-43a8-4103-b207-0d82b4e51d81', 'Post', NULL, 1, '2012-05-27 04:26:08', '2012-05-27 04:26:08'),
('4fc1e520-beb8-4989-8808-0d82b4e51d81', '12', '4fc1e520-4124-45ea-95c6-0d82b4e51d81', 'Post', NULL, 1, '2012-05-27 04:26:08', '2012-05-27 04:26:08'),
('4fc1e520-cc38-4759-8a08-0d82b4e51d81', '12', '4fc1e520-37d0-4ae8-8209-0d82b4e51d81', 'Post', NULL, 1, '2012-05-27 04:26:08', '2012-05-27 04:26:08'),
('4fc1e520-a3d0-4c00-bb49-0d82b4e51d81', '12', '4fc1e520-1508-4181-ab19-0d82b4e51d81', 'Post', NULL, 1, '2012-05-27 04:26:08', '2012-05-27 04:26:08'),
('4fc1e520-46ac-4a56-9cbe-0d82b4e51d81', '12', '4fc1e520-4ac4-4fd7-a090-0d82b4e51d81', 'Post', NULL, 1, '2012-05-27 04:26:08', '2012-05-27 04:26:08'),
('4fc1e520-e348-48b5-8d29-0d82b4e51d81', '12', '4fc1e520-4840-4f62-bb5c-0d82b4e51d81', 'Post', NULL, 1, '2012-05-27 04:26:08', '2012-05-27 04:26:08'),
('4fc1e520-7878-4c96-8cc3-0d82b4e51d81', '12', '4fc1e520-5b38-41b8-898a-0d82b4e51d81', 'Post', NULL, 1, '2012-05-27 04:26:08', '2012-05-27 04:26:08'),
('4fc1e520-1960-4849-82d7-0d82b4e51d81', '12', '4fc1e520-73a8-4b0a-a04d-0d82b4e51d81', 'Post', NULL, 1, '2012-05-27 04:26:08', '2012-05-27 04:26:08'),
('4fc1e521-4c28-49e4-bf71-0d82b4e51d81', '13', '4fc1e520-6f88-4ec0-8502-0d82b4e51d81', 'Post', NULL, 1, '2012-05-27 04:26:09', '2012-05-27 04:26:09'),
('4fc1e521-7690-4f46-8945-0d82b4e51d81', '13', '4fc1e521-035c-45c7-a10b-0d82b4e51d81', 'Post', NULL, 1, '2012-05-27 04:26:09', '2012-05-27 04:26:09'),
('4fc1e521-62dc-4d0f-b77a-0d82b4e51d81', '13', '4fc1e521-4fc0-4929-8d16-0d82b4e51d81', 'Post', NULL, 1, '2012-05-27 04:26:09', '2012-05-27 04:26:09'),
('4fc1e521-0d88-46fd-af9a-0d82b4e51d81', '13', '4fc1e521-6e70-4c00-9536-0d82b4e51d81', 'Post', NULL, 1, '2012-05-27 04:26:09', '2012-05-27 04:26:09'),
('4fc1e521-a574-4e7c-9190-0d82b4e51d81', '13', '4fc1e521-a170-423a-a7fb-0d82b4e51d81', 'Post', NULL, 1, '2012-05-27 04:26:09', '2012-05-27 04:26:09'),
('4fc1e521-089c-4272-bf19-0d82b4e51d81', '14', '4fc1e520-43a8-4103-b207-0d82b4e51d81', 'Post', NULL, 1, '2012-05-27 04:26:09', '2012-05-27 04:26:09'),
('4fc1e521-bf64-4141-8903-0d82b4e51d81', '14', '4fc1e520-1508-4181-ab19-0d82b4e51d81', 'Post', NULL, 1, '2012-05-27 04:26:09', '2012-05-27 04:26:09'),
('4fc1e521-6f24-4bc9-8369-0d82b4e51d81', '14', '4fc1e521-7ea0-4664-be4b-0d82b4e51d81', 'Post', NULL, 1, '2012-05-27 04:26:09', '2012-05-27 04:26:09'),
('4fc1e521-3654-4a0b-a6f1-0d82b4e51d81', '14', '4fc1e521-b0d8-4b1a-8105-0d82b4e51d81', 'Post', NULL, 1, '2012-05-27 04:26:09', '2012-05-27 04:26:09'),
('4fc1e521-449c-4f05-bdc9-0d82b4e51d81', '14', '4fc1e521-276c-4b39-868a-0d82b4e51d81', 'Post', NULL, 1, '2012-05-27 04:26:09', '2012-05-27 04:26:09'),
('4fc1e521-fb64-41cf-a937-0d82b4e51d81', '14', '4fc1e521-7560-4155-a56a-0d82b4e51d81', 'Post', NULL, 1, '2012-05-27 04:26:09', '2012-05-27 04:26:09'),
('4fc1e521-ad18-414e-b75f-0d82b4e51d81', '14', '4fc1e521-7a48-4f52-9d99-0d82b4e51d81', 'Post', NULL, 1, '2012-05-27 04:26:09', '2012-05-27 04:26:09'),
('4fc1e521-4c70-4e18-8fed-0d82b4e51d81', '14', '4fc1e521-7ae4-479f-8897-0d82b4e51d81', 'Post', NULL, 1, '2012-05-27 04:26:09', '2012-05-27 04:26:09'),
('4fc1e521-f334-4905-82f0-0d82b4e51d81', '14', '4fc1e521-7cac-48d4-9e69-0d82b4e51d81', 'Post', NULL, 1, '2012-05-27 04:26:09', '2012-05-27 04:26:09'),
('4fc1e521-879c-447e-a422-0d82b4e51d81', '14', '4fc1e521-825c-475e-845a-0d82b4e51d81', 'Post', NULL, 1, '2012-05-27 04:26:09', '2012-05-27 04:26:09'),
('4fc1e521-fa44-42e6-8a67-0d82b4e51d81', '15', '4fc1e125-068c-44d6-a452-0cacb4e51d81', 'Post', NULL, 1, '2012-05-27 04:26:09', '2012-05-27 04:26:09'),
('4fc1e521-c55c-4e55-aad3-0d82b4e51d81', '15', '4fc1e520-639c-43d5-95d9-0d82b4e51d81', 'Post', NULL, 1, '2012-05-27 04:26:09', '2012-05-27 04:26:09'),
('4fc1e521-6e78-4d9a-bef5-0d82b4e51d81', '15', '4fc1e521-de7c-44dc-9aef-0d82b4e51d81', 'Post', NULL, 1, '2012-05-27 04:26:09', '2012-05-27 04:26:09'),
('4fc1e521-1794-4440-a009-0d82b4e51d81', '15', '4fc1e521-6898-4ce1-b083-0d82b4e51d81', 'Post', NULL, 1, '2012-05-27 04:26:09', '2012-05-27 04:26:09'),
('4fc1e521-4328-4ceb-83e9-0d82b4e51d81', '15', '4fc1e521-6cb8-4c60-af58-0d82b4e51d81', 'Post', NULL, 1, '2012-05-27 04:26:09', '2012-05-27 04:26:09'),
('4fc1e521-079c-4e8c-8c17-0d82b4e51d81', '15', '4fc1e521-7204-4096-9bb8-0d82b4e51d81', 'Post', NULL, 1, '2012-05-27 04:26:09', '2012-05-27 04:26:09'),
('4fc1e521-9ec0-4d84-8b3d-0d82b4e51d81', '15', '4fc1e521-8114-4e7d-bc3f-0d82b4e51d81', 'Post', NULL, 1, '2012-05-27 04:26:09', '2012-05-27 04:26:09'),
('4fc1e521-464c-48b8-b4a3-0d82b4e51d81', '15', '4fc1e521-7788-46ee-bcee-0d82b4e51d81', 'Post', NULL, 1, '2012-05-27 04:26:09', '2012-05-27 04:26:09'),
('4fc1e521-f078-4b56-bae5-0d82b4e51d81', '16', '4fc1e520-639c-43d5-95d9-0d82b4e51d81', 'Post', NULL, 1, '2012-05-27 04:26:09', '2012-05-27 04:26:09'),
('4fc1e521-b67c-461c-92b6-0d82b4e51d81', '16', '4fc1e521-06c8-4a74-a733-0d82b4e51d81', 'Post', NULL, 1, '2012-05-27 04:26:09', '2012-05-27 04:26:09'),
('4fc1e521-66a0-4f2b-88d1-0d82b4e51d81', '16', '4fc1e521-3450-49be-a6c6-0d82b4e51d81', 'Post', NULL, 1, '2012-05-27 04:26:09', '2012-05-27 04:26:09'),
('4fc1e521-1854-41ed-b551-0d82b4e51d81', '16', '4fc1e521-2ac4-4df4-b75f-0d82b4e51d81', 'Post', NULL, 1, '2012-05-27 04:26:09', '2012-05-27 04:26:09'),
('4fc1e521-e7b8-4793-bf3a-0d82b4e51d81', '16', '4fc1e521-a8c4-450d-b33c-0d82b4e51d81', 'Post', NULL, 1, '2012-05-27 04:26:09', '2012-05-27 04:26:09'),
('4fc1e521-10f4-41ae-90d7-0d82b4e51d81', '16', '4fc1e521-e5ec-4cfa-b3c7-0d82b4e51d81', 'Post', NULL, 1, '2012-05-27 04:26:09', '2012-05-27 04:26:09'),
('4fc1e521-c820-4677-b608-0d82b4e51d81', '16', '4fc1e521-d620-40a5-8fda-0d82b4e51d81', 'Post', NULL, 1, '2012-05-27 04:26:09', '2012-05-27 04:26:09'),
('4fc1e521-7204-4974-930f-0d82b4e51d81', '16', '4fc1e521-d590-4971-98e8-0d82b4e51d81', 'Post', NULL, 1, '2012-05-27 04:26:09', '2012-05-27 04:26:09'),
('4fc1e521-273c-46b6-97f1-0d82b4e51d81', '16', '4fc1e521-d0b4-4538-afe4-0d82b4e51d81', 'Post', NULL, 1, '2012-05-27 04:26:09', '2012-05-27 04:26:09'),
('4fc1e521-ded8-48ea-aea5-0d82b4e51d81', '17', '4fc1e520-43a8-4103-b207-0d82b4e51d81', 'Post', NULL, 1, '2012-05-27 04:26:09', '2012-05-27 04:26:09'),
('4fc1e521-c548-4c18-8c0b-0d82b4e51d81', '17', '4fc1e520-1508-4181-ab19-0d82b4e51d81', 'Post', NULL, 1, '2012-05-27 04:26:09', '2012-05-27 04:26:09'),
('4fc1e521-0658-489e-a522-0d82b4e51d81', '17', '4fc1e521-e830-4b98-9b3c-0d82b4e51d81', 'Post', NULL, 1, '2012-05-27 04:26:09', '2012-05-27 04:26:09'),
('4fc1e521-ca04-4fd4-aa9a-0d82b4e51d81', '17', '4fc1e521-530c-4c6c-86d9-0d82b4e51d81', 'Post', NULL, 1, '2012-05-27 04:26:09', '2012-05-27 04:26:09'),
('4fc1e521-776c-4705-9852-0d82b4e51d81', '17', '4fc1e521-d620-4254-ba9f-0d82b4e51d81', 'Post', NULL, 1, '2012-05-27 04:26:09', '2012-05-27 04:26:09'),
('4fc1e521-27f4-42e5-84c2-0d82b4e51d81', '17', '4fc1e521-f084-443a-ac17-0d82b4e51d81', 'Post', NULL, 1, '2012-05-27 04:26:09', '2012-05-27 04:26:09'),
('4fc1e521-c490-46c2-88e1-0d82b4e51d81', '17', '4fc1e521-0958-480f-9358-0d82b4e51d81', 'Post', NULL, 1, '2012-05-27 04:26:09', '2012-05-27 04:26:09'),
('4fc1e521-791c-4504-8ec7-0d82b4e51d81', '17', '4fc1e521-1480-46ab-907c-0d82b4e51d81', 'Post', NULL, 1, '2012-05-27 04:26:09', '2012-05-27 04:26:09'),
('4fc1e521-3d90-4584-9ac5-0d82b4e51d81', '17', '4fc1e521-22c8-4922-8042-0d82b4e51d81', 'Post', NULL, 1, '2012-05-27 04:26:09', '2012-05-27 04:26:09'),
('4fc1e521-ee18-4707-b56f-0d82b4e51d81', '17', '4fc1e521-1c5c-4caa-8339-0d82b4e51d81', 'Post', NULL, 1, '2012-05-27 04:26:09', '2012-05-27 04:26:09'),
('4fc1e521-ad14-4b8c-b60a-0d82b4e51d81', '17', '4fc1e521-1b04-454c-9517-0d82b4e51d81', 'Post', NULL, 1, '2012-05-27 04:26:09', '2012-05-27 04:26:09'),
('4fc1e521-3494-48f0-b97f-0d82b4e51d81', '18', '4fc1e125-068c-44d6-a452-0cacb4e51d81', 'Post', NULL, 1, '2012-05-27 04:26:09', '2012-05-27 04:26:09'),
('4fc1e521-13fc-4029-8d5b-0d82b4e51d81', '18', '4fc1e520-43a8-4103-b207-0d82b4e51d81', 'Post', NULL, 1, '2012-05-27 04:26:09', '2012-05-27 04:26:09'),
('4fc1e521-d5b4-40e8-9867-0d82b4e51d81', '18', '4fc1e520-1508-4181-ab19-0d82b4e51d81', 'Post', NULL, 1, '2012-05-27 04:26:09', '2012-05-27 04:26:09'),
('4fc1e521-91f4-4d23-ba4b-0d82b4e51d81', '18', '4fc1e521-96d0-4193-b51f-0d82b4e51d81', 'Post', NULL, 1, '2012-05-27 04:26:09', '2012-05-27 04:26:09'),
('4fc1e521-30e8-4067-abf4-0d82b4e51d81', '18', '4fc1e521-f590-4cb7-9c6d-0d82b4e51d81', 'Post', NULL, 1, '2012-05-27 04:26:09', '2012-05-27 04:26:09'),
('4fc1e521-e170-4144-bfb2-0d82b4e51d81', '18', '4fc1e521-eccc-4dc1-aa6d-0d82b4e51d81', 'Post', NULL, 1, '2012-05-27 04:26:09', '2012-05-27 04:26:09'),
('4fc1e521-9900-4875-a6ae-0d82b4e51d81', '18', '4fc1e521-e728-405d-88d6-0d82b4e51d81', 'Post', NULL, 1, '2012-05-27 04:26:09', '2012-05-27 04:26:09'),
('4fc1e521-4d0c-4e3c-be3d-0d82b4e51d81', '18', '4fc1e521-f124-48d6-a679-0d82b4e51d81', 'Post', NULL, 1, '2012-05-27 04:26:09', '2012-05-27 04:26:09'),
('4fc1e521-03d4-47af-95ea-0d82b4e51d81', '18', '4fc1e521-e3b0-4dff-a5a6-0d82b4e51d81', 'Post', NULL, 1, '2012-05-27 04:26:09', '2012-05-27 04:26:09'),
('4fc1e521-a32c-458e-a5f0-0d82b4e51d81', '18', '4fc1e521-e2bc-4dd3-ae9d-0d82b4e51d81', 'Post', NULL, 1, '2012-05-27 04:26:09', '2012-05-27 04:26:09'),
('4fc1e522-d2cc-4a23-9929-0d82b4e51d81', '18', '4fc1e521-e7a4-4b54-8ae6-0d82b4e51d81', 'Post', NULL, 1, '2012-05-27 04:26:09', '2012-05-27 04:26:09'),
('4fc1e522-e408-4574-8342-0d82b4e51d81', '19', '4fc1e125-a8d0-47c2-b4cb-0cacb4e51d81', 'Post', NULL, 1, '2012-05-27 04:26:10', '2012-05-27 04:26:10'),
('4fc1e522-ad90-49e6-93bf-0d82b4e51d81', '19', '4fc1e520-639c-43d5-95d9-0d82b4e51d81', 'Post', NULL, 1, '2012-05-27 04:26:10', '2012-05-27 04:26:10'),
('4fc1e522-7970-4c5c-904b-0d82b4e51d81', '19', '4fc1e522-825c-437c-b8af-0d82b4e51d81', 'Post', NULL, 1, '2012-05-27 04:26:10', '2012-05-27 04:26:10'),
('4fc1e522-1f6c-439c-a86e-0d82b4e51d81', '19', '4fc1e522-a5bc-4824-b1b9-0d82b4e51d81', 'Post', NULL, 1, '2012-05-27 04:26:10', '2012-05-27 04:26:10'),
('4fc1e522-df30-4b35-87fa-0d82b4e51d81', '19', '4fc1e522-d72c-46ef-8bd6-0d82b4e51d81', 'Post', NULL, 1, '2012-05-27 04:26:10', '2012-05-27 04:26:10'),
('4fc1e522-a3a4-4ef1-b466-0d82b4e51d81', '19', '4fc1e522-ec34-4778-bc76-0d82b4e51d81', 'Post', NULL, 1, '2012-05-27 04:26:10', '2012-05-27 04:26:10'),
('4fc1e522-d190-4d9a-bea7-0d82b4e51d81', '19', '4fc1e522-1764-45cd-aa45-0d82b4e51d81', 'Post', NULL, 1, '2012-05-27 04:26:10', '2012-05-27 04:26:10'),
('4fc1e522-add8-4066-ad49-0d82b4e51d81', '19', '4fc1e522-15a8-464a-9b2f-0d82b4e51d81', 'Post', NULL, 1, '2012-05-27 04:26:10', '2012-05-27 04:26:10'),
('4fc1fba2-d604-42d1-a74a-0d8fb4e51d81', '20', '4fc1fba2-c858-496f-9874-0d8fb4e51d81', 'Post', NULL, 1, '2012-05-27 06:02:10', '2012-05-27 06:02:10'),
('4fc1fba2-d060-4602-8489-0d8fb4e51d81', '20', '4fc1fba2-63a4-4e15-99a6-0d8fb4e51d81', 'Post', NULL, 1, '2012-05-27 06:02:10', '2012-05-27 06:02:10'),
('4fc1fba2-8d04-40c4-8068-0d8fb4e51d81', '20', '4fc1fba2-6058-4096-9706-0d8fb4e51d81', 'Post', NULL, 1, '2012-05-27 06:02:10', '2012-05-27 06:02:10'),
('4fc1fba2-649c-4ff3-b6dc-0d8fb4e51d81', '20', '4fc1fba2-c238-45b2-89d2-0d8fb4e51d81', 'Post', NULL, 1, '2012-05-27 06:02:10', '2012-05-27 06:02:10'),
('4fc1fba2-14c0-4a96-a536-0d8fb4e51d81', '20', '4fc1fba2-d33c-4a4b-9ff3-0d8fb4e51d81', 'Post', NULL, 1, '2012-05-27 06:02:10', '2012-05-27 06:02:10'),
('4fc1fba2-d934-47cb-8fa8-0d8fb4e51d81', '20', '4fc1fba2-cc6c-4055-ab23-0d8fb4e51d81', 'Post', NULL, 1, '2012-05-27 06:02:10', '2012-05-27 06:02:10'),
('4fc1fba2-b388-4eb8-8e6c-0d8fb4e51d81', '20', '4fc1fba2-c218-41c4-a152-0d8fb4e51d81', 'Post', NULL, 1, '2012-05-27 06:02:10', '2012-05-27 06:02:10'),
('4fc1fba2-5e98-4181-bc0c-0d8fb4e51d81', '20', '4fc1fba2-c188-46e5-92cc-0d8fb4e51d81', 'Post', NULL, 1, '2012-05-27 06:02:10', '2012-05-27 06:02:10'),
('4fc1fba2-3c70-4371-9618-0d8fb4e51d81', '20', '4fc1fba2-b220-4240-bb81-0d8fb4e51d81', 'Post', NULL, 1, '2012-05-27 06:02:10', '2012-05-27 06:02:10'),
('4fc1fba2-21ec-42d1-b256-0d8fb4e51d81', '21', '4fc1e521-035c-45c7-a10b-0d82b4e51d81', 'Post', NULL, 1, '2012-05-27 06:02:10', '2012-05-27 06:02:10'),
('4fc1fba2-2ba8-413a-b765-0d8fb4e51d81', '21', '4fc1fba2-3234-4573-aac9-0d8fb4e51d81', 'Post', NULL, 1, '2012-05-27 06:02:10', '2012-05-27 06:02:10'),
('4fc1fba2-75d8-4566-92ed-0d8fb4e51d81', '21', '4fc1fba2-0a0c-4d41-b489-0d8fb4e51d81', 'Post', NULL, 1, '2012-05-27 06:02:10', '2012-05-27 06:02:10'),
('4fc1fba2-ec90-4301-8bf1-0d8fb4e51d81', '21', '4fc1fba2-82b8-412d-820c-0d8fb4e51d81', 'Post', NULL, 1, '2012-05-27 06:02:10', '2012-05-27 06:02:10'),
('4fc1fba2-eee0-4e48-a51b-0d8fb4e51d81', '21', '4fc1fba2-92b4-4e4b-899e-0d8fb4e51d81', 'Post', NULL, 1, '2012-05-27 06:02:10', '2012-05-27 06:02:10'),
('4fc1fba2-cf98-4dbc-952d-0d8fb4e51d81', '21', '4fc1fba2-cf38-49eb-aefb-0d8fb4e51d81', 'Post', NULL, 1, '2012-05-27 06:02:10', '2012-05-27 06:02:10'),
('4fc1fba2-a5c4-491a-b743-0d8fb4e51d81', '21', '4fc1fba2-1af8-4008-ad36-0d8fb4e51d81', 'Post', NULL, 1, '2012-05-27 06:02:10', '2012-05-27 06:02:10'),
('4fc1fba2-84ec-4beb-8bf0-0d8fb4e51d81', '21', '4fc1fba2-0268-438e-9e1e-0d8fb4e51d81', 'Post', NULL, 1, '2012-05-27 06:02:10', '2012-05-27 06:02:10'),
('4fc1fba2-a3c0-4143-a6bd-0d8fb4e51d81', '21', '4fc1fba2-7c40-498c-922c-0d8fb4e51d81', 'Post', NULL, 1, '2012-05-27 06:02:10', '2012-05-27 06:02:10'),
('4fc1fba2-898c-4a8c-85ce-0d8fb4e51d81', '21', '4fc1fba2-3390-4c52-bdb5-0d8fb4e51d81', 'Post', NULL, 1, '2012-05-27 06:02:10', '2012-05-27 06:02:10'),
('4fc1fba2-70e8-4468-a2b7-0d8fb4e51d81', '21', '4fc1fba2-cb3c-45f8-9540-0d8fb4e51d81', 'Post', NULL, 1, '2012-05-27 06:02:10', '2012-05-27 06:02:10'),
('4fc1fba2-62d0-4c3d-bbb3-0d8fb4e51d81', '21', '4fc1fba2-9678-4d10-a1bd-0d8fb4e51d81', 'Post', NULL, 1, '2012-05-27 06:02:10', '2012-05-27 06:02:10'),
('4fc1fba2-5198-4bba-b2ad-0d8fb4e51d81', '21', '4fc1fba2-52dc-44b3-9816-0d8fb4e51d81', 'Post', NULL, 1, '2012-05-27 06:02:10', '2012-05-27 06:02:10'),
('4fc1fba2-d214-46f2-90e8-0d8fb4e51d81', '21', '4fc1fba2-f44c-4a94-a12b-0d8fb4e51d81', 'Post', NULL, 1, '2012-05-27 06:02:10', '2012-05-27 06:02:10'),
('4fc1fba2-7e50-4873-a1a7-0d8fb4e51d81', '21', '4fc1fba2-d950-4a84-b5f1-0d8fb4e51d81', 'Post', NULL, 1, '2012-05-27 06:02:10', '2012-05-27 06:02:10'),
('4fc1fba2-5908-45f3-b44d-0d8fb4e51d81', '21', '4fc1fba2-f630-4111-80fb-0d8fb4e51d81', 'Post', NULL, 1, '2012-05-27 06:02:10', '2012-05-27 06:02:10'),
('4fc1fba2-1994-4841-a8dc-0d8fb4e51d81', '21', '4fc1fba2-2760-427d-8f8d-0d8fb4e51d81', 'Post', NULL, 1, '2012-05-27 06:02:10', '2012-05-27 06:02:10'),
('4fc1fba2-fc74-4dda-9ace-0d8fb4e51d81', '22', '4fc1e520-a670-4f54-912d-0d82b4e51d81', 'Post', NULL, 1, '2012-05-27 06:02:10', '2012-05-27 06:02:10'),
('4fc1fba2-c0e8-482c-9722-0d8fb4e51d81', '22', '4fc1e521-035c-45c7-a10b-0d82b4e51d81', 'Post', NULL, 1, '2012-05-27 06:02:10', '2012-05-27 06:02:10'),
('4fc1fba2-7684-4521-8767-0d8fb4e51d81', '22', '4fc1fba2-3234-4573-aac9-0d8fb4e51d81', 'Post', NULL, 1, '2012-05-27 06:02:10', '2012-05-27 06:02:10'),
('4fc1fba2-e354-4853-9bb7-0d8fb4e51d81', '22', '4fc1fba2-dfdc-490a-825a-0d8fb4e51d81', 'Post', NULL, 1, '2012-05-27 06:02:10', '2012-05-27 06:02:10'),
('4fc1fba2-cb54-4854-8b8a-0d8fb4e51d81', '22', '4fc1fba2-5ea4-42dd-90ef-0d8fb4e51d81', 'Post', NULL, 1, '2012-05-27 06:02:10', '2012-05-27 06:02:10'),
('4fc1fba2-821c-4250-a865-0d8fb4e51d81', '22', '4fc1fba2-a018-45db-b0d5-0d8fb4e51d81', 'Post', NULL, 1, '2012-05-27 06:02:10', '2012-05-27 06:02:10'),
('4fc1fba2-3d94-4a8a-9b5a-0d8fb4e51d81', '22', '4fc1fba2-c440-4330-b712-0d8fb4e51d81', 'Post', NULL, 1, '2012-05-27 06:02:10', '2012-05-27 06:02:10'),
('4fc1fba2-6608-4825-a80e-0d8fb4e51d81', '22', '4fc1fba2-c7fc-4744-87f9-0d8fb4e51d81', 'Post', NULL, 1, '2012-05-27 06:02:10', '2012-05-27 06:02:10'),
('4fc1fba3-c33c-41c1-9597-0d8fb4e51d81', '23', '4fc1e125-068c-44d6-a452-0cacb4e51d81', 'Post', NULL, 1, '2012-05-27 06:02:11', '2012-05-27 06:02:11'),
('4fc1fba3-25e4-414d-baf0-0d8fb4e51d81', '23', '4fc1e125-a8d0-47c2-b4cb-0cacb4e51d81', 'Post', NULL, 1, '2012-05-27 06:02:11', '2012-05-27 06:02:11'),
('4fc1fba3-59ac-4a8f-a788-0d8fb4e51d81', '23', '4fc1e521-035c-45c7-a10b-0d82b4e51d81', 'Post', NULL, 1, '2012-05-27 06:02:11', '2012-05-27 06:02:11'),
('4fc1fba3-4bd4-4343-a6dd-0d8fb4e51d81', '23', '4fc1e522-ec34-4778-bc76-0d82b4e51d81', 'Post', NULL, 1, '2012-05-27 06:02:11', '2012-05-27 06:02:11'),
('4fc1fba3-204c-4fa8-b4b3-0d8fb4e51d81', '23', '4fc1fba2-c858-496f-9874-0d8fb4e51d81', 'Post', NULL, 1, '2012-05-27 06:02:11', '2012-05-27 06:02:11'),
('4fc1fba3-e010-467c-8bf8-0d8fb4e51d81', '23', '4fc1fba3-ab60-4802-9fdb-0d8fb4e51d81', 'Post', NULL, 1, '2012-05-27 06:02:11', '2012-05-27 06:02:11'),
('4fc1fba3-a484-40e3-9061-0d8fb4e51d81', '23', '4fc1fba3-1380-45b2-a88e-0d8fb4e51d81', 'Post', NULL, 1, '2012-05-27 06:02:11', '2012-05-27 06:02:11'),
('4fc1fba3-695c-4901-a94d-0d8fb4e51d81', '23', '4fc1fba3-2a60-423b-9d1b-0d8fb4e51d81', 'Post', NULL, 1, '2012-05-27 06:02:11', '2012-05-27 06:02:11'),
('4fc1fba3-23f4-49cb-8fea-0d8fb4e51d81', '24', '4fc1e521-035c-45c7-a10b-0d82b4e51d81', 'Post', NULL, 1, '2012-05-27 06:02:11', '2012-05-27 06:02:11'),
('4fc1fba3-f7a4-4835-aeb7-0d8fb4e51d81', '24', '4fc1fba2-3234-4573-aac9-0d8fb4e51d81', 'Post', NULL, 1, '2012-05-27 06:02:11', '2012-05-27 06:02:11'),
('4fc1fba3-af98-4762-bb37-0d8fb4e51d81', '24', '4fc1fba2-c7fc-4744-87f9-0d8fb4e51d81', 'Post', NULL, 1, '2012-05-27 06:02:11', '2012-05-27 06:02:11'),
('4fc1fba3-a288-4aa7-ae8b-0d8fb4e51d81', '24', '4fc1fba3-91ac-4529-84d2-0d8fb4e51d81', 'Post', NULL, 1, '2012-05-27 06:02:11', '2012-05-27 06:02:11'),
('4fc1fba3-56f8-424c-ad30-0d8fb4e51d81', '24', '4fc1fba3-134c-424e-8f64-0d8fb4e51d81', 'Post', NULL, 1, '2012-05-27 06:02:11', '2012-05-27 06:02:11'),
('4fc1fba3-a104-49e4-bc76-0d8fb4e51d81', '24', '4fc1fba3-513c-4186-9491-0d8fb4e51d81', 'Post', NULL, 1, '2012-05-27 06:02:11', '2012-05-27 06:02:11'),
('4fc1fba3-96b0-4461-a1a3-0d8fb4e51d81', '24', '4fc1fba3-a05c-47fd-9e08-0d8fb4e51d81', 'Post', NULL, 1, '2012-05-27 06:02:11', '2012-05-27 06:02:11'),
('4fc1fba3-5674-4dac-afef-0d8fb4e51d81', '24', '4fc1fba3-b930-4081-98e5-0d8fb4e51d81', 'Post', NULL, 1, '2012-05-27 06:02:11', '2012-05-27 06:02:11'),
('4fc1fba3-68b8-4b47-beda-0d8fb4e51d81', '25', '4fc1e125-068c-44d6-a452-0cacb4e51d81', 'Post', NULL, 1, '2012-05-27 06:02:11', '2012-05-27 06:02:11'),
('4fc1fba3-3d94-494d-8b67-0d8fb4e51d81', '25', '4fc1e520-43a8-4103-b207-0d82b4e51d81', 'Post', NULL, 1, '2012-05-27 06:02:11', '2012-05-27 06:02:11'),
('4fc1fba3-0654-4612-b57f-0d8fb4e51d81', '25', '4fc1e521-035c-45c7-a10b-0d82b4e51d81', 'Post', NULL, 1, '2012-05-27 06:02:11', '2012-05-27 06:02:11'),
('4fc1fba3-ec60-473c-89e1-0d8fb4e51d81', '25', '4fc1fba2-3234-4573-aac9-0d8fb4e51d81', 'Post', NULL, 1, '2012-05-27 06:02:11', '2012-05-27 06:02:11'),
('4fc1fba3-2e9c-4b3d-82c5-0d8fb4e51d81', '25', '4fc1fba3-e610-4401-afe1-0d8fb4e51d81', 'Post', NULL, 1, '2012-05-27 06:02:11', '2012-05-27 06:02:11'),
('4fc1fba3-2a88-457f-9158-0d8fb4e51d81', '25', '4fc1fba3-c404-4b0a-94d7-0d8fb4e51d81', 'Post', NULL, 1, '2012-05-27 06:02:11', '2012-05-27 06:02:11'),
('4fc1fba3-21c4-4695-afa9-0d8fb4e51d81', '25', '4fc1fba3-ec14-4062-a124-0d8fb4e51d81', 'Post', NULL, 1, '2012-05-27 06:02:11', '2012-05-27 06:02:11'),
('4fc1fba3-0258-42af-bda6-0d8fb4e51d81', '25', '4fc1fba3-1ac8-4704-a9a3-0d8fb4e51d81', 'Post', NULL, 1, '2012-05-27 06:02:11', '2012-05-27 06:02:11'),
('4fc1fba3-ff70-4594-b29d-0d8fb4e51d81', '25', '4fc1fba3-3dc4-4db7-bc8c-0d8fb4e51d81', 'Post', NULL, 1, '2012-05-27 06:02:11', '2012-05-27 06:02:11'),
('4fc1fba3-824c-4292-a21c-0d8fb4e51d81', '26', '4fc1e520-a670-4f54-912d-0d82b4e51d81', 'Post', NULL, 1, '2012-05-27 06:02:11', '2012-05-27 06:02:11'),
('4fc1fba3-6e98-4b2a-9da4-0d8fb4e51d81', '26', '4fc1e521-035c-45c7-a10b-0d82b4e51d81', 'Post', NULL, 1, '2012-05-27 06:02:11', '2012-05-27 06:02:11'),
('4fc1fba3-6f98-49a1-bd69-0d8fb4e51d81', '26', '4fc1fba2-c858-496f-9874-0d8fb4e51d81', 'Post', NULL, 1, '2012-05-27 06:02:11', '2012-05-27 06:02:11'),
('4fc1fba3-8de4-4323-a8ea-0d8fb4e51d81', '26', '4fc1fba2-3234-4573-aac9-0d8fb4e51d81', 'Post', NULL, 1, '2012-05-27 06:02:11', '2012-05-27 06:02:11'),
('4fc1fba3-26b4-4d7c-821b-0d8fb4e51d81', '26', '4fc1fba2-82b8-412d-820c-0d8fb4e51d81', 'Post', NULL, 1, '2012-05-27 06:02:11', '2012-05-27 06:02:11'),
('4fc1fba3-feb0-424e-b3ce-0d8fb4e51d81', '26', '4fc1fba3-5674-47d8-bdba-0d8fb4e51d81', 'Post', NULL, 1, '2012-05-27 06:02:11', '2012-05-27 06:02:11'),
('4fc1fba3-d454-4b68-ab66-0d8fb4e51d81', '26', '4fc1fba3-c9e8-4d7c-9693-0d8fb4e51d81', 'Post', NULL, 1, '2012-05-27 06:02:11', '2012-05-27 06:02:11'),
('4fc1fba3-dbf8-4bee-8344-0d8fb4e51d81', '26', '4fc1fba3-55f8-4b1a-b7a7-0d8fb4e51d81', 'Post', NULL, 1, '2012-05-27 06:02:11', '2012-05-27 06:02:11'),
('4fc1fba3-a328-4a98-9bd7-0d8fb4e51d81', '26', '4fc1fba3-ad4c-4cd2-ad02-0d8fb4e51d81', 'Post', NULL, 1, '2012-05-27 06:02:11', '2012-05-27 06:02:11'),
('4fc1fba3-7ac0-4235-a369-0d8fb4e51d81', '26', '4fc1fba3-fd34-4229-83d7-0d8fb4e51d81', 'Post', NULL, 1, '2012-05-27 06:02:11', '2012-05-27 06:02:11'),
('4fc1fba3-7a94-42eb-8d45-0d8fb4e51d81', '26', '4fc1fba3-2c4c-49d0-858b-0d8fb4e51d81', 'Post', NULL, 1, '2012-05-27 06:02:11', '2012-05-27 06:02:11'),
('4fc1fba3-4034-4c98-8fc2-0d8fb4e51d81', '26', '4fc1fba3-7018-4443-905c-0d8fb4e51d81', 'Post', NULL, 1, '2012-05-27 06:02:11', '2012-05-27 06:02:11'),
('4fc1fba3-8358-424b-84b4-0d8fb4e51d81', '27', '4fc1e521-035c-45c7-a10b-0d82b4e51d81', 'Post', NULL, 1, '2012-05-27 06:02:11', '2012-05-27 06:02:11'),
('4fc1fba3-8d54-40ca-903c-0d8fb4e51d81', '27', '4fc1fba2-c858-496f-9874-0d8fb4e51d81', 'Post', NULL, 1, '2012-05-27 06:02:11', '2012-05-27 06:02:11'),
('4fc1fba3-1edc-4452-89d4-0d8fb4e51d81', '27', '4fc1fba2-3234-4573-aac9-0d8fb4e51d81', 'Post', NULL, 1, '2012-05-27 06:02:11', '2012-05-27 06:02:11'),
('4fc1fba3-eb20-493f-ab56-0d8fb4e51d81', '27', '4fc1fba3-91ac-4529-84d2-0d8fb4e51d81', 'Post', NULL, 1, '2012-05-27 06:02:11', '2012-05-27 06:02:11'),
('4fc1fba3-d6a4-4007-81d5-0d8fb4e51d81', '27', '4fc1fba3-134c-424e-8f64-0d8fb4e51d81', 'Post', NULL, 1, '2012-05-27 06:02:11', '2012-05-27 06:02:11'),
('4fc1fba3-8a4c-4b75-b385-0d8fb4e51d81', '27', '4fc1fba3-513c-4186-9491-0d8fb4e51d81', 'Post', NULL, 1, '2012-05-27 06:02:11', '2012-05-27 06:02:11'),
('4fc1fba3-4c68-453c-b135-0d8fb4e51d81', '27', '4fc1fba3-e4b4-4904-a1d3-0d8fb4e51d81', 'Post', NULL, 1, '2012-05-27 06:02:11', '2012-05-27 06:02:11'),
('4fc1fba3-0d58-425b-bdb7-0d8fb4e51d81', '27', '4fc1fba3-2f24-4c68-ac07-0d8fb4e51d81', 'Post', NULL, 1, '2012-05-27 06:02:11', '2012-05-27 06:02:11'),
('4fc1fba3-da64-4515-99a1-0d8fb4e51d81', '27', '4fc1fba3-6288-4571-9a47-0d8fb4e51d81', 'Post', NULL, 1, '2012-05-27 06:02:11', '2012-05-27 06:02:11'),
('4fc1fba3-a89c-4b76-8571-0d8fb4e51d81', '27', '4fc1fba3-6c84-4f65-9375-0d8fb4e51d81', 'Post', NULL, 1, '2012-05-27 06:02:11', '2012-05-27 06:02:11'),
('4fc1fba3-5730-46bf-bd5d-0d8fb4e51d81', '27', '4fc1fba3-ec14-427e-8800-0d8fb4e51d81', 'Post', NULL, 1, '2012-05-27 06:02:11', '2012-05-27 06:02:11'),
('4fc1fba3-4250-4955-abb6-0d8fb4e51d81', '27', '4fc1fba3-536c-4ed6-a7d1-0d8fb4e51d81', 'Post', NULL, 1, '2012-05-27 06:02:11', '2012-05-27 06:02:11'),
('4fc1fba3-253c-490f-b412-0d8fb4e51d81', '27', '4fc1fba3-8284-4bbf-ac5f-0d8fb4e51d81', 'Post', NULL, 1, '2012-05-27 06:02:11', '2012-05-27 06:02:11'),
('4fc1fba3-f310-40c2-8bab-0d8fb4e51d81', '27', '4fc1fba3-85dc-43eb-b1f8-0d8fb4e51d81', 'Post', NULL, 1, '2012-05-27 06:02:11', '2012-05-27 06:02:11'),
('4fc1fba3-4104-4e79-9ce0-0d8fb4e51d81', '27', '4fc1fba3-9f78-427a-a967-0d8fb4e51d81', 'Post', NULL, 1, '2012-05-27 06:02:11', '2012-05-27 06:02:11'),
('4fc1fba3-2bc0-4b73-85d4-0d8fb4e51d81', '27', '4fc1fba3-a910-4212-ad85-0d8fb4e51d81', 'Post', NULL, 1, '2012-05-27 06:02:11', '2012-05-27 06:02:11'),
('4fc1fba3-46ec-4cb7-b4fd-0d8fb4e51d81', '27', '4fc1fba3-9c00-493a-a827-0d8fb4e51d81', 'Post', NULL, 1, '2012-05-27 06:02:11', '2012-05-27 06:02:11'),
('4fc1fba4-4dbc-494c-acbe-0d8fb4e51d81', '28', '4fc1e521-035c-45c7-a10b-0d82b4e51d81', 'Post', NULL, 1, '2012-05-27 06:02:12', '2012-05-27 06:02:12'),
('4fc1fba4-cd94-43bb-9a35-0d8fb4e51d81', '28', '4fc1fba2-3234-4573-aac9-0d8fb4e51d81', 'Post', NULL, 1, '2012-05-27 06:02:12', '2012-05-27 06:02:12'),
('4fc1fba4-f9b0-4d0b-9209-0d8fb4e51d81', '28', '4fc1fba4-aeb0-4900-b5d2-0d8fb4e51d81', 'Post', NULL, 1, '2012-05-27 06:02:12', '2012-05-27 06:02:12'),
('4fc1fba4-63a8-4636-b8df-0d8fb4e51d81', '28', '4fc1fba4-5ac8-4155-a01d-0d8fb4e51d81', 'Post', NULL, 1, '2012-05-27 06:02:12', '2012-05-27 06:02:12'),
('4fc1fba4-d764-4f02-b963-0d8fb4e51d81', '28', '4fc1fba4-bccc-4008-bfd7-0d8fb4e51d81', 'Post', NULL, 1, '2012-05-27 06:02:12', '2012-05-27 06:02:12'),
('4fc1fba4-541c-40fc-ad1c-0d8fb4e51d81', '28', '4fc1fba4-95b4-41be-b636-0d8fb4e51d81', 'Post', NULL, 1, '2012-05-27 06:02:12', '2012-05-27 06:02:12'),
('4fc1fba4-2a4c-4550-afdc-0d8fb4e51d81', '29', '4fc1fba3-91ac-4529-84d2-0d8fb4e51d81', 'Post', NULL, 1, '2012-05-27 06:02:12', '2012-05-27 06:02:12'),
('4fc1fba4-f30c-400c-8728-0d8fb4e51d81', '29', '4fc1fba3-134c-424e-8f64-0d8fb4e51d81', 'Post', NULL, 1, '2012-05-27 06:02:12', '2012-05-27 06:02:12'),
('4fc1fba4-bb68-4ee7-bdab-0d8fb4e51d81', '29', '4fc1fba3-513c-4186-9491-0d8fb4e51d81', 'Post', NULL, 1, '2012-05-27 06:02:12', '2012-05-27 06:02:12'),
('4fc1fba4-97b0-4ca8-b342-0d8fb4e51d81', '29', '4fc1fba3-2c4c-49d0-858b-0d8fb4e51d81', 'Post', NULL, 1, '2012-05-27 06:02:12', '2012-05-27 06:02:12'),
('4fc1fba4-ca4c-4b28-9af3-0d8fb4e51d81', '29', '4fc1fba4-5ac8-4155-a01d-0d8fb4e51d81', 'Post', NULL, 1, '2012-05-27 06:02:12', '2012-05-27 06:02:12'),
('4fc1fba4-b9b8-436c-866a-0d8fb4e51d81', '29', '4fc1fba4-5bc0-4678-b071-0d8fb4e51d81', 'Post', NULL, 1, '2012-05-27 06:02:12', '2012-05-27 06:02:12'),
('4fc1fba4-6480-469a-989e-0d8fb4e51d81', '29', '4fc1fba4-f25c-4c98-8240-0d8fb4e51d81', 'Post', NULL, 1, '2012-05-27 06:02:12', '2012-05-27 06:02:12'),
('4fc1fba4-29bc-48ea-b852-0d8fb4e51d81', '29', '4fc1fba4-04f0-43fa-a5f7-0d8fb4e51d81', 'Post', NULL, 1, '2012-05-27 06:02:12', '2012-05-27 06:02:12'),
('4fc1fba4-f150-4a68-a093-0d8fb4e51d81', '29', '4fc1fba4-24cc-4114-b5b9-0d8fb4e51d81', 'Post', NULL, 1, '2012-05-27 06:02:12', '2012-05-27 06:02:12'),
('4fc1fba4-d824-4f45-a5ae-0d8fb4e51d81', '29', '4fc1fba4-3cd8-4ce9-b29d-0d8fb4e51d81', 'Post', NULL, 1, '2012-05-27 06:02:12', '2012-05-27 06:02:12'),
('4fc1fba4-9144-4994-8924-0d8fb4e51d81', '29', '4fc1fba4-3be4-4868-a9ee-0d8fb4e51d81', 'Post', NULL, 1, '2012-05-27 06:02:12', '2012-05-27 06:02:12'),
('4fc20046-83e4-4efe-b608-0f56b4e51d81', '67', '4fc20046-3b00-49f5-a8ec-0f56b4e51d81', 'Post', NULL, 1, '2012-05-27 06:21:58', '2012-05-27 06:21:58'),
('4fc20046-47e4-4440-8462-0f56b4e51d81', '66', '4fc1fd89-1fe8-4d1c-8756-0cb3b4e51d81', 'Post', NULL, 1, '2012-05-27 06:21:58', '2012-05-27 06:21:58'),
('4fc20046-4998-418d-a2f3-0f56b4e51d81', '64', '4fc1fd88-88a0-4233-86bc-0cb3b4e51d81', 'Post', NULL, 1, '2012-05-27 06:21:58', '2012-05-27 06:21:58'),
('4fc20046-409c-4779-9ad1-0f56b4e51d81', '65', '4fc1e126-6038-473d-b888-0cacb4e51d81', 'Post', NULL, 1, '2012-05-27 06:21:58', '2012-05-27 06:21:58'),
('4fc20046-1e74-4aad-8d11-0f56b4e51d81', '65', '4fc20046-9648-410c-b1e0-0f56b4e51d81', 'Post', NULL, 1, '2012-05-27 06:21:58', '2012-05-27 06:21:58'),
('4fc20046-3564-45fc-b4a2-0f56b4e51d81', '63', '4fc20046-5a14-4783-8bb0-0f56b4e51d81', 'Post', NULL, 1, '2012-05-27 06:21:58', '2012-05-27 06:21:58'),
('4fc20046-4918-4edd-99a9-0f56b4e51d81', '63', '4fc20046-3b00-49f5-a8ec-0f56b4e51d81', 'Post', NULL, 1, '2012-05-27 06:21:58', '2012-05-27 06:21:58'),
('4fc20046-1ce0-4a8c-827d-0f56b4e51d81', '63', '4fc20046-ff04-4eb8-82f6-0f56b4e51d81', 'Post', NULL, 1, '2012-05-27 06:21:58', '2012-05-27 06:21:58'),
('4fc20046-0cf8-49d7-8a10-0f56b4e51d81', '62', '4fc1fd88-5b04-4b35-982e-0cb3b4e51d81', 'Post', NULL, 1, '2012-05-27 06:21:58', '2012-05-27 06:21:58'),
('4fc20046-0c58-44e8-b5e2-0f56b4e51d81', '61', '4fc20046-9648-410c-b1e0-0f56b4e51d81', 'Post', NULL, 1, '2012-05-27 06:21:58', '2012-05-27 06:21:58'),
('4fc20046-1648-46bc-9acd-0f56b4e51d81', '61', '4fc1fd88-5b04-4b35-982e-0cb3b4e51d81', 'Post', NULL, 1, '2012-05-27 06:21:58', '2012-05-27 06:21:58'),
('4fc20046-1268-4c96-a649-0f56b4e51d81', '60', '4fc1fd87-2cd8-4281-80c8-0cb3b4e51d81', 'Post', NULL, 1, '2012-05-27 06:21:58', '2012-05-27 06:21:58'),
('4fc20046-f54c-4803-ac15-0f56b4e51d81', '59', '4fc1fd88-5b04-4b35-982e-0cb3b4e51d81', 'Post', NULL, 1, '2012-05-27 06:21:58', '2012-05-27 06:21:58'),
('4fc20046-e7a4-4cb0-bc34-0f56b4e51d81', '58', '4fc1fd88-5b04-4b35-982e-0cb3b4e51d81', 'Post', NULL, 1, '2012-05-27 06:21:58', '2012-05-27 06:21:58'),
('4fc20046-e4b0-4c98-ab3a-0f56b4e51d81', '58', '4fc1fd88-d608-4194-81e9-0cb3b4e51d81', 'Post', NULL, 1, '2012-05-27 06:21:58', '2012-05-27 06:21:58'),
('4fc20045-25d0-43f9-bfb9-0f56b4e51d81', '57', '4fc1fd88-d608-4194-81e9-0cb3b4e51d81', 'Post', NULL, 1, '2012-05-27 06:21:57', '2012-05-27 06:21:57'),
('4fc20045-70b0-473a-95f3-0f56b4e51d81', '56', '4fc20045-df90-4ce7-b22a-0f56b4e51d81', 'Post', NULL, 1, '2012-05-27 06:21:57', '2012-05-27 06:21:57'),
('4fc1fd88-a64c-45e1-8927-0cb3b4e51d81', '39', '4fc1fd87-01a8-494c-84c2-0cb3b4e51d81', 'Post', NULL, 1, '2012-05-27 06:10:16', '2012-05-27 06:10:16'),
('4fc1fd88-b048-4c4e-a42f-0cb3b4e51d81', '39', '4fc1fd88-88a0-4233-86bc-0cb3b4e51d81', 'Post', NULL, 1, '2012-05-27 06:10:16', '2012-05-27 06:10:16'),
('4fc1fd88-f1f4-476e-947b-0cb3b4e51d81', '40', '4fc1fd88-d7ec-4c08-b49b-0cb3b4e51d81', 'Post', NULL, 1, '2012-05-27 06:10:16', '2012-05-27 06:10:16'),
('4fc1fd88-e2f0-4fdf-977d-0cb3b4e51d81', '40', '4fc1fd88-d96c-49df-9497-0cb3b4e51d81', 'Post', NULL, 1, '2012-05-27 06:10:16', '2012-05-27 06:10:16'),
('4fc20045-3518-46b4-a839-0f56b4e51d81', '56', '4fc20045-9a98-47f7-b6f6-0f56b4e51d81', 'Post', NULL, 1, '2012-05-27 06:21:57', '2012-05-27 06:21:57'),
('4fc20045-e880-4fe5-b195-0f56b4e51d81', '55', '4fc1fd87-2cd8-4281-80c8-0cb3b4e51d81', 'Post', NULL, 1, '2012-05-27 06:21:57', '2012-05-27 06:21:57'),
('4fc1fd89-75f4-41ff-aeec-0cb3b4e51d81', '42', '4fc1fd88-d7ec-4c08-b49b-0cb3b4e51d81', 'Post', NULL, 1, '2012-05-27 06:10:17', '2012-05-27 06:10:17'),
('4fc1fd89-7438-480b-bd86-0cb3b4e51d81', '42', '4fc1fd88-d96c-49df-9497-0cb3b4e51d81', 'Post', NULL, 1, '2012-05-27 06:10:17', '2012-05-27 06:10:17'),
('4fc1fd89-28b8-4f2c-8798-0cb3b4e51d81', '43', '4fc1fd87-01a8-494c-84c2-0cb3b4e51d81', 'Post', NULL, 1, '2012-05-27 06:10:17', '2012-05-27 06:10:17'),
('4fc1fd89-0500-4628-8424-0cb3b4e51d81', '43', '4fc1fd87-2cd8-4281-80c8-0cb3b4e51d81', 'Post', NULL, 1, '2012-05-27 06:10:17', '2012-05-27 06:10:17'),
('4fc1fd89-ce28-492c-b41c-0cb3b4e51d81', '44', '4fc1fd87-01a8-494c-84c2-0cb3b4e51d81', 'Post', NULL, 1, '2012-05-27 06:10:17', '2012-05-27 06:10:17'),
('4fc1fd89-7b08-4282-b2f1-0cb3b4e51d81', '44', '4fc1fd89-1fe8-4d1c-8756-0cb3b4e51d81', 'Post', NULL, 1, '2012-05-27 06:10:17', '2012-05-27 06:10:17'),
('4fc1fd89-a9d0-4bc0-8cfa-0cb3b4e51d81', '45', '4fc1fd87-01a8-494c-84c2-0cb3b4e51d81', 'Post', NULL, 1, '2012-05-27 06:10:17', '2012-05-27 06:10:17'),
('4fc1fd89-0958-4b94-8a07-0cb3b4e51d81', '45', '4fc1fd89-e63c-4f27-8b4f-0cb3b4e51d81', 'Post', NULL, 1, '2012-05-27 06:10:17', '2012-05-27 06:10:17'),
('4fc1fd89-e954-4152-aac6-0cb3b4e51d81', '46', '4fc1fd87-01a8-494c-84c2-0cb3b4e51d81', 'Post', NULL, 1, '2012-05-27 06:10:17', '2012-05-27 06:10:17'),
('4fc1fd89-e02c-4ec4-b13e-0cb3b4e51d81', '46', '4fc1fd88-88a0-4233-86bc-0cb3b4e51d81', 'Post', NULL, 1, '2012-05-27 06:10:17', '2012-05-27 06:10:17'),
('4fc1fd89-a344-4525-953b-0cb3b4e51d81', '47', '4fc1fd88-d7ec-4c08-b49b-0cb3b4e51d81', 'Post', NULL, 1, '2012-05-27 06:10:17', '2012-05-27 06:10:17'),
('4fc1fd89-9c74-44d9-87ac-0cb3b4e51d81', '47', '4fc1fd88-d96c-49df-9497-0cb3b4e51d81', 'Post', NULL, 1, '2012-05-27 06:10:17', '2012-05-27 06:10:17'),
('4fc1fd89-5c30-4599-bc74-0cb3b4e51d81', '48', '4fc1fd87-01a8-494c-84c2-0cb3b4e51d81', 'Post', NULL, 1, '2012-05-27 06:10:17', '2012-05-27 06:10:17'),
('4fc1fd89-6118-4b10-a08c-0cb3b4e51d81', '48', '4fc1fd88-d608-4194-81e9-0cb3b4e51d81', 'Post', NULL, 1, '2012-05-27 06:10:17', '2012-05-27 06:10:17'),
('4fc1fd89-5694-45aa-91cb-0cb3b4e51d81', '49', '4fc1fd88-d7ec-4c08-b49b-0cb3b4e51d81', 'Post', NULL, 1, '2012-05-27 06:10:17', '2012-05-27 06:10:17'),
('4fc1fd89-378c-4e08-9b8a-0cb3b4e51d81', '49', '4fc1fd88-d96c-49df-9497-0cb3b4e51d81', 'Post', NULL, 1, '2012-05-27 06:10:17', '2012-05-27 06:10:17'),
('4fc1fd89-2e10-4f20-84a9-0cb3b4e51d81', '50', '4fc1fd88-d7ec-4c08-b49b-0cb3b4e51d81', 'Post', NULL, 1, '2012-05-27 06:10:17', '2012-05-27 06:10:17'),
('4fc1fd89-5814-42cd-ba81-0cb3b4e51d81', '50', '4fc1fd88-d96c-49df-9497-0cb3b4e51d81', 'Post', NULL, 1, '2012-05-27 06:10:17', '2012-05-27 06:10:17'),
('4fc1fd8a-0728-4903-815e-0cb3b4e51d81', '51', '4fc1fd87-01a8-494c-84c2-0cb3b4e51d81', 'Post', NULL, 1, '2012-05-27 06:10:18', '2012-05-27 06:10:18'),
('4fc1fd8a-36a4-4d69-b119-0cb3b4e51d81', '51', '4fc1fd87-2cd8-4281-80c8-0cb3b4e51d81', 'Post', NULL, 1, '2012-05-27 06:10:18', '2012-05-27 06:10:18'),
('4fc1fd8a-4308-4eda-989a-0cb3b4e51d81', '52', '4fc1fd87-01a8-494c-84c2-0cb3b4e51d81', 'Post', NULL, 1, '2012-05-27 06:10:18', '2012-05-27 06:10:18'),
('4fc1fd8a-239c-4102-8fae-0cb3b4e51d81', '52', '4fc1fd89-1fe8-4d1c-8756-0cb3b4e51d81', 'Post', NULL, 1, '2012-05-27 06:10:18', '2012-05-27 06:10:18'),
('4fc1fd8a-e4a8-4adb-a4e1-0cb3b4e51d81', '53', '4fc1fd88-d7ec-4c08-b49b-0cb3b4e51d81', 'Post', NULL, 1, '2012-05-27 06:10:18', '2012-05-27 06:10:18'),
('4fc1fd8a-d98c-43f1-9540-0cb3b4e51d81', '53', '4fc1fd88-d96c-49df-9497-0cb3b4e51d81', 'Post', NULL, 1, '2012-05-27 06:10:18', '2012-05-27 06:10:18'),
('4fc1fd8a-d650-4daa-87ec-0cb3b4e51d81', '54', '4fc1fd88-d7ec-4c08-b49b-0cb3b4e51d81', 'Post', NULL, 1, '2012-05-27 06:10:18', '2012-05-27 06:10:18'),
('4fc1fd8a-e434-4891-96ae-0cb3b4e51d81', '54', '4fc1fd88-d96c-49df-9497-0cb3b4e51d81', 'Post', NULL, 1, '2012-05-27 06:10:18', '2012-05-27 06:10:18'),
('4fc20046-59ec-42ad-88e5-0f56b4e51d81', '67', '4fc20046-d180-4741-8755-0f56b4e51d81', 'Post', NULL, 1, '2012-05-27 06:21:58', '2012-05-27 06:21:58'),
('4fc20046-e918-47d0-8448-0f56b4e51d81', '68', '4fc1fd87-2cd8-4281-80c8-0cb3b4e51d81', 'Post', NULL, 1, '2012-05-27 06:21:58', '2012-05-27 06:21:58'),
('4fc20046-c0ec-4623-b3e4-0f56b4e51d81', '69', '4fc1fd89-1fe8-4d1c-8756-0cb3b4e51d81', 'Post', NULL, 1, '2012-05-27 06:21:58', '2012-05-27 06:21:58'),
('4fc20047-ed1c-453f-9707-0f56b4e51d81', '70', '4fc1fd89-e63c-4f27-8b4f-0cb3b4e51d81', 'Post', NULL, 1, '2012-05-27 06:21:59', '2012-05-27 06:21:59'),
('4fc20047-e8f8-4e11-9ef3-0f56b4e51d81', '71', '4fc1fd88-88a0-4233-86bc-0cb3b4e51d81', 'Post', NULL, 1, '2012-05-27 06:21:59', '2012-05-27 06:21:59'),
('4fc20047-5b30-4510-b4f8-0f56b4e51d81', '72', '4fc1fd88-d608-4194-81e9-0cb3b4e51d81', 'Post', NULL, 1, '2012-05-27 06:21:59', '2012-05-27 06:21:59'),
('4fc20047-43f8-44c6-a8ef-0f56b4e51d81', '72', '4fc1fd88-5b04-4b35-982e-0cb3b4e51d81', 'Post', NULL, 1, '2012-05-27 06:21:59', '2012-05-27 06:21:59'),
('4fc20047-508c-47c1-9fdd-0f56b4e51d81', '73', '4fc1fd88-d608-4194-81e9-0cb3b4e51d81', 'Post', NULL, 1, '2012-05-27 06:21:59', '2012-05-27 06:21:59'),
('4fc20047-447c-4eac-bd08-0f56b4e51d81', '74', '4fc20046-3b00-49f5-a8ec-0f56b4e51d81', 'Post', NULL, 1, '2012-05-27 06:21:59', '2012-05-27 06:21:59'),
('4fc20047-c430-4406-bb25-0f56b4e51d81', '74', '4fc20046-d180-4741-8755-0f56b4e51d81', 'Post', NULL, 1, '2012-05-27 06:21:59', '2012-05-27 06:21:59'),
('4fc20047-2dd0-461c-b2a4-0f56b4e51d81', '75', '4fc1fd88-d608-4194-81e9-0cb3b4e51d81', 'Post', NULL, 1, '2012-05-27 06:21:59', '2012-05-27 06:21:59'),
('4fc20047-20c0-4eeb-a5b3-0f56b4e51d81', '75', '4fc1fd88-5b04-4b35-982e-0cb3b4e51d81', 'Post', NULL, 1, '2012-05-27 06:21:59', '2012-05-27 06:21:59'),
('4fc20047-cb58-4368-94df-0f56b4e51d81', '76', '4fc1fd87-2cd8-4281-80c8-0cb3b4e51d81', 'Post', NULL, 1, '2012-05-27 06:21:59', '2012-05-27 06:21:59'),
('4fc20047-cee8-46fc-8ca1-0f56b4e51d81', '77', '4fc1fd89-1fe8-4d1c-8756-0cb3b4e51d81', 'Post', NULL, 1, '2012-05-27 06:21:59', '2012-05-27 06:21:59'),
('4fc20047-e75c-453e-8479-0f56b4e51d81', '78', '4fc20046-9648-410c-b1e0-0f56b4e51d81', 'Post', NULL, 1, '2012-05-27 06:21:59', '2012-05-27 06:21:59'),
('4fc20047-149c-456a-b330-0f56b4e51d81', '78', '4fc20047-5690-405b-ac77-0f56b4e51d81', 'Post', NULL, 1, '2012-05-27 06:21:59', '2012-05-27 06:21:59'),
('4fc20047-45fc-491c-bbfe-0f56b4e51d81', '79', '4fc1fd88-d608-4194-81e9-0cb3b4e51d81', 'Post', NULL, 1, '2012-05-27 06:21:59', '2012-05-27 06:21:59'),
('4fc20047-776c-4ecf-8699-0f56b4e51d81', '79', '4fc1fd88-5b04-4b35-982e-0cb3b4e51d81', 'Post', NULL, 1, '2012-05-27 06:21:59', '2012-05-27 06:21:59'),
('4fc20047-52ec-4f66-b8c4-0f56b4e51d81', '79', '4fc20045-9a98-47f7-b6f6-0f56b4e51d81', 'Post', NULL, 1, '2012-05-27 06:21:59', '2012-05-27 06:21:59'),
('4fc20047-13dc-438b-97a0-0f56b4e51d81', '79', '4fc20045-df90-4ce7-b22a-0f56b4e51d81', 'Post', NULL, 1, '2012-05-27 06:21:59', '2012-05-27 06:21:59'),
('4fc21b49-1390-4976-b6af-1081b4e51d81', '80', '4fc1e522-ec34-4778-bc76-0d82b4e51d81', 'Post', NULL, 1, '2012-05-27 08:17:13', '2012-05-27 08:17:13'),
('4fc21b49-5824-4472-ad96-1081b4e51d81', '80', '4fc1fba4-3be4-4868-a9ee-0d8fb4e51d81', 'Post', NULL, 1, '2012-05-27 08:17:13', '2012-05-27 08:17:13'),
('4fc21b49-9614-43fb-8154-1081b4e51d81', '80', '4fc21b49-f5a4-4872-a656-1081b4e51d81', 'Post', NULL, 1, '2012-05-27 08:17:13', '2012-05-27 08:17:13'),
('4fc21b49-0e90-4ebf-a80c-1081b4e51d81', '81', '4fc1fba3-91ac-4529-84d2-0d8fb4e51d81', 'Post', NULL, 1, '2012-05-27 08:17:13', '2012-05-27 08:17:13'),
('4fc21b49-70d4-4511-ab60-1081b4e51d81', '81', '4fc21b49-6344-4cb9-ad51-1081b4e51d81', 'Post', NULL, 1, '2012-05-27 08:17:13', '2012-05-27 08:17:13'),
('4fc21b49-8174-4b1c-87c6-1081b4e51d81', '81', '4fc21b49-16c8-4652-a71e-1081b4e51d81', 'Post', NULL, 1, '2012-05-27 08:17:13', '2012-05-27 08:17:13'),
('4fc21b49-0cc8-447d-9505-1081b4e51d81', '83', '4fc21b49-ae6c-4aee-98c9-1081b4e51d81', 'Post', NULL, 1, '2012-05-27 08:17:13', '2012-05-27 08:17:13'),
('4fc21b49-50b8-47ba-9811-1081b4e51d81', '83', '4fc21b49-2b00-48a8-bd67-1081b4e51d81', 'Post', NULL, 1, '2012-05-27 08:17:13', '2012-05-27 08:17:13'),
('4fc21b49-6a70-48bf-95c9-1081b4e51d81', '83', '4fc21b49-c280-464b-b371-1081b4e51d81', 'Post', NULL, 1, '2012-05-27 08:17:13', '2012-05-27 08:17:13'),
('4fc21b49-8688-4bc0-a67f-1081b4e51d81', '83', '4fc21b49-caec-4825-b505-1081b4e51d81', 'Post', NULL, 1, '2012-05-27 08:17:13', '2012-05-27 08:17:13'),
('4fc21b49-0f38-4883-a7be-1081b4e51d81', '83', '4fc21b49-0bd8-4c56-95fe-1081b4e51d81', 'Post', NULL, 1, '2012-05-27 08:17:13', '2012-05-27 08:17:13'),
('4fc21b49-4d90-47bb-ba02-1081b4e51d81', '84', '4fc1e125-068c-44d6-a452-0cacb4e51d81', 'Post', NULL, 1, '2012-05-27 08:17:13', '2012-05-27 08:17:13'),
('4fc21b49-6a0c-44a6-b712-1081b4e51d81', '84', '4fc21b49-04ec-40ea-99da-1081b4e51d81', 'Post', NULL, 1, '2012-05-27 08:17:13', '2012-05-27 08:17:13'),
('4fc21b49-a0b4-45c2-bb21-1081b4e51d81', '84', '4fc21b49-7adc-406f-af25-1081b4e51d81', 'Post', NULL, 1, '2012-05-27 08:17:13', '2012-05-27 08:17:13'),
('4fc21b4a-2e90-45fd-a7a9-1081b4e51d81', '89', '4fc21b49-6344-4cb9-ad51-1081b4e51d81', 'Post', NULL, 1, '2012-05-27 08:17:14', '2012-05-27 08:17:14'),
('4fc21b4a-da8c-4477-b794-1081b4e51d81', '89', '4fc21b4a-1be4-4e5e-85ea-1081b4e51d81', 'Post', NULL, 1, '2012-05-27 08:17:14', '2012-05-27 08:17:14'),
('4fc21b4a-65b8-410b-aa59-1081b4e51d81', '89', '4fc21b4a-7938-4092-9a52-1081b4e51d81', 'Post', NULL, 1, '2012-05-27 08:17:14', '2012-05-27 08:17:14'),
('4fc21b4a-f788-4fa8-97b7-1081b4e51d81', '89', '4fc21b4a-4c7c-4855-830b-1081b4e51d81', 'Post', NULL, 1, '2012-05-27 08:17:14', '2012-05-27 08:17:14'),
('4fc21b4a-57b8-45ab-a000-1081b4e51d81', '90', '4fc1fba3-91ac-4529-84d2-0d8fb4e51d81', 'Post', NULL, 1, '2012-05-27 08:17:14', '2012-05-27 08:17:14'),
('4fc21b4a-74fc-4e4b-9831-1081b4e51d81', '90', '4fc21b4a-8690-4247-9014-1081b4e51d81', 'Post', NULL, 1, '2012-05-27 08:17:14', '2012-05-27 08:17:14'),
('4fc21b4a-4b8c-47fa-ac09-1081b4e51d81', '90', '4fc21b4a-44e0-4368-8c18-1081b4e51d81', 'Post', NULL, 1, '2012-05-27 08:17:14', '2012-05-27 08:17:14'),
('4fc21b4a-f0e4-4b60-bd0d-1081b4e51d81', '90', '4fc21b4a-506c-44ef-a3fa-1081b4e51d81', 'Post', NULL, 1, '2012-05-27 08:17:14', '2012-05-27 08:17:14'),
('4fc21b4a-7e04-406d-83eb-1081b4e51d81', '90', '4fc21b4a-111c-45d3-916e-1081b4e51d81', 'Post', NULL, 1, '2012-05-27 08:17:14', '2012-05-27 08:17:14'),
('4fc21b4a-9614-4ca0-9a39-1081b4e51d81', '92', '4fc1e125-aed8-4625-8b15-0cacb4e51d81', 'Post', NULL, 1, '2012-05-27 08:17:14', '2012-05-27 08:17:14'),
('4fc21b4a-87d8-4887-bffe-1081b4e51d81', '92', '4fc21b4a-1be4-4e5e-85ea-1081b4e51d81', 'Post', NULL, 1, '2012-05-27 08:17:14', '2012-05-27 08:17:14'),
('4fc21b4a-5610-45df-87ae-1081b4e51d81', '92', '4fc21b4a-32b0-4315-906e-1081b4e51d81', 'Post', NULL, 1, '2012-05-27 08:17:14', '2012-05-27 08:17:14');
INSERT INTO `tagged` (`id`, `foreign_key`, `tag_id`, `model`, `language`, `times_tagged`, `created`, `modified`) VALUES
('4fc21b4a-5fa8-4c17-b1ef-1081b4e51d81', '92', '4fc21b4a-86e4-4210-826f-1081b4e51d81', 'Post', NULL, 1, '2012-05-27 08:17:14', '2012-05-27 08:17:14'),
('4fc21b4a-4a00-4a4f-b73c-1081b4e51d81', '92', '4fc21b4a-2a00-47f8-9019-1081b4e51d81', 'Post', NULL, 1, '2012-05-27 08:17:14', '2012-05-27 08:17:14'),
('4fc21b4a-d384-4dd5-af11-1081b4e51d81', '93', '4fc1e125-068c-44d6-a452-0cacb4e51d81', 'Post', NULL, 1, '2012-05-27 08:17:14', '2012-05-27 08:17:14'),
('4fc21b4a-710c-49f3-b8b0-1081b4e51d81', '93', '4fc1fba3-91ac-4529-84d2-0d8fb4e51d81', 'Post', NULL, 1, '2012-05-27 08:17:14', '2012-05-27 08:17:14'),
('4fc21b4a-f5f8-4bf2-bc86-1081b4e51d81', '93', '4fc21b4a-1be4-4e5e-85ea-1081b4e51d81', 'Post', NULL, 1, '2012-05-27 08:17:14', '2012-05-27 08:17:14'),
('4fc21b4a-8890-40ae-9cfe-1081b4e51d81', '93', '4fc21b4a-0558-4ac7-8a2e-1081b4e51d81', 'Post', NULL, 1, '2012-05-27 08:17:14', '2012-05-27 08:17:14'),
('4fc21b4a-12f4-4bc0-bab0-1081b4e51d81', '93', '4fc21b4a-8b8c-4a31-ae0e-1081b4e51d81', 'Post', NULL, 1, '2012-05-27 08:17:14', '2012-05-27 08:17:14'),
('4fc21b4a-df5c-4ec1-80de-1081b4e51d81', '93', '4fc21b4a-bbac-4b74-8caa-1081b4e51d81', 'Post', NULL, 1, '2012-05-27 08:17:14', '2012-05-27 08:17:14'),
('4fc21b4a-24a0-442a-8916-1081b4e51d81', '94', '4fc1e125-068c-44d6-a452-0cacb4e51d81', 'Post', NULL, 1, '2012-05-27 08:17:14', '2012-05-27 08:17:14'),
('4fc21b4a-21b8-4928-bac5-1081b4e51d81', '94', '4fc1e520-43a8-4103-b207-0d82b4e51d81', 'Post', NULL, 1, '2012-05-27 08:17:14', '2012-05-27 08:17:14'),
('4fc21b4a-3064-495a-813e-1081b4e51d81', '94', '4fc21b49-04ec-40ea-99da-1081b4e51d81', 'Post', NULL, 1, '2012-05-27 08:17:14', '2012-05-27 08:17:14'),
('4fc21b4a-0e3c-47f6-ae0e-1081b4e51d81', '94', '4fc21b4a-9884-413d-8f2a-1081b4e51d81', 'Post', NULL, 1, '2012-05-27 08:17:14', '2012-05-27 08:17:14'),
('4fc21b4a-0698-4817-a31c-1081b4e51d81', '95', '4fc1fba3-91ac-4529-84d2-0d8fb4e51d81', 'Post', NULL, 1, '2012-05-27 08:17:14', '2012-05-27 08:17:14'),
('4fc21b4a-a22c-484c-8d20-1081b4e51d81', '95', '4fc1fba4-04f0-43fa-a5f7-0d8fb4e51d81', 'Post', NULL, 1, '2012-05-27 08:17:14', '2012-05-27 08:17:14'),
('4fc21b4a-3848-4125-a25e-1081b4e51d81', '95', '4fc21b4a-9884-413d-8f2a-1081b4e51d81', 'Post', NULL, 1, '2012-05-27 08:17:14', '2012-05-27 08:17:14'),
('4fc21b4a-accc-41a3-830b-1081b4e51d81', '95', '4fc21b4a-66e0-4ef5-a8ce-1081b4e51d81', 'Post', NULL, 1, '2012-05-27 08:17:14', '2012-05-27 08:17:14'),
('4fc21b4a-e310-43f4-a723-1081b4e51d81', '95', '4fc21b4a-e1c0-424d-8c13-1081b4e51d81', 'Post', NULL, 1, '2012-05-27 08:17:14', '2012-05-27 08:17:14'),
('4fc21b4a-760c-4d8f-96ac-1081b4e51d81', '95', '4fc21b4a-d960-489c-a4d2-1081b4e51d81', 'Post', NULL, 1, '2012-05-27 08:17:14', '2012-05-27 08:17:14'),
('4fc21b4b-339c-421c-892d-1081b4e51d81', '97', '4fc1e520-43a8-4103-b207-0d82b4e51d81', 'Post', NULL, 1, '2012-05-27 08:17:15', '2012-05-27 08:17:15'),
('4fc21b4b-1624-4222-a435-1081b4e51d81', '97', '4fc21b4b-83bc-4471-9304-1081b4e51d81', 'Post', NULL, 1, '2012-05-27 08:17:15', '2012-05-27 08:17:15'),
('4fc21b4b-f8ac-4c26-a928-1081b4e51d81', '97', '4fc21b4b-adc0-407a-a8d4-1081b4e51d81', 'Post', NULL, 1, '2012-05-27 08:17:15', '2012-05-27 08:17:15'),
('4fc21b4b-ee08-4ee5-b187-1081b4e51d81', '98', '4fc1e125-068c-44d6-a452-0cacb4e51d81', 'Post', NULL, 1, '2012-05-27 08:17:15', '2012-05-27 08:17:15'),
('4fc21b4b-e288-46ed-9bc4-1081b4e51d81', '98', '4fc1e520-43a8-4103-b207-0d82b4e51d81', 'Post', NULL, 1, '2012-05-27 08:17:15', '2012-05-27 08:17:15'),
('4fc21b4b-b50c-439e-843d-1081b4e51d81', '98', '4fc21b49-04ec-40ea-99da-1081b4e51d81', 'Post', NULL, 1, '2012-05-27 08:17:15', '2012-05-27 08:17:15'),
('4fc21b4b-827c-4da9-883f-1081b4e51d81', '98', '4fc21b4b-6588-4f4a-9a37-1081b4e51d81', 'Post', NULL, 1, '2012-05-27 08:17:15', '2012-05-27 08:17:15'),
('4fc21b4b-cbc0-41c8-a9cf-1081b4e51d81', '98', '4fc21b4b-d000-4bad-b0de-1081b4e51d81', 'Post', NULL, 1, '2012-05-27 08:17:15', '2012-05-27 08:17:15'),
('4fc21b4b-c5b8-4875-beb1-1081b4e51d81', '98', '4fc21b4b-f428-4a24-b235-1081b4e51d81', 'Post', NULL, 1, '2012-05-27 08:17:15', '2012-05-27 08:17:15'),
('4fc21b4b-9ca0-4bb7-926d-1081b4e51d81', '101', '4fc1fba3-91ac-4529-84d2-0d8fb4e51d81', 'Post', NULL, 1, '2012-05-27 08:17:15', '2012-05-27 08:17:15'),
('4fc21b4b-efcc-4ead-b159-1081b4e51d81', '101', '4fc21b49-6344-4cb9-ad51-1081b4e51d81', 'Post', NULL, 1, '2012-05-27 08:17:15', '2012-05-27 08:17:15'),
('4fc21b4b-4550-443b-982c-1081b4e51d81', '101', '4fc21b4a-1be4-4e5e-85ea-1081b4e51d81', 'Post', NULL, 1, '2012-05-27 08:17:15', '2012-05-27 08:17:15'),
('4fc21b4b-761c-4454-ba04-1081b4e51d81', '101', '4fc21b4b-d000-4bad-b0de-1081b4e51d81', 'Post', NULL, 1, '2012-05-27 08:17:15', '2012-05-27 08:17:15'),
('4fc21b4b-f164-48eb-93cb-1081b4e51d81', '103', '4fc1e125-aed8-4625-8b15-0cacb4e51d81', 'Post', NULL, 1, '2012-05-27 08:17:15', '2012-05-27 08:17:15'),
('4fc21b4b-ee18-4f2c-ad22-1081b4e51d81', '103', '4fc1fba3-91ac-4529-84d2-0d8fb4e51d81', 'Post', NULL, 1, '2012-05-27 08:17:15', '2012-05-27 08:17:15'),
('4fc21b4b-de4c-4fe2-b290-1081b4e51d81', '103', '4fc21b4a-2a00-47f8-9019-1081b4e51d81', 'Post', NULL, 1, '2012-05-27 08:17:15', '2012-05-27 08:17:15'),
('4fc21b4b-c2c8-4bf5-9b64-1081b4e51d81', '103', '4fc21b4b-d000-4bad-b0de-1081b4e51d81', 'Post', NULL, 1, '2012-05-27 08:17:15', '2012-05-27 08:17:15'),
('4fc21b4b-12b0-4d4a-99fa-1081b4e51d81', '103', '4fc21b4b-da9c-4941-9ca1-1081b4e51d81', 'Post', NULL, 1, '2012-05-27 08:17:15', '2012-05-27 08:17:15'),
('4fc21b4b-1a70-407b-91fc-1081b4e51d81', '104', '4fc1e125-068c-44d6-a452-0cacb4e51d81', 'Post', NULL, 1, '2012-05-27 08:17:15', '2012-05-27 08:17:15'),
('4fc21b4b-2408-42db-a10c-1081b4e51d81', '104', '4fc1e520-43a8-4103-b207-0d82b4e51d81', 'Post', NULL, 1, '2012-05-27 08:17:15', '2012-05-27 08:17:15'),
('4fc21b4b-1824-48dd-a198-1081b4e51d81', '104', '4fc1fba3-91ac-4529-84d2-0d8fb4e51d81', 'Post', NULL, 1, '2012-05-27 08:17:15', '2012-05-27 08:17:15'),
('4fc21b4b-e65c-48d5-b4cb-1081b4e51d81', '104', '4fc21b49-6344-4cb9-ad51-1081b4e51d81', 'Post', NULL, 1, '2012-05-27 08:17:15', '2012-05-27 08:17:15'),
('4fc21b4b-ddfc-499b-90e7-1081b4e51d81', '104', '4fc21b4a-0558-4ac7-8a2e-1081b4e51d81', 'Post', NULL, 1, '2012-05-27 08:17:15', '2012-05-27 08:17:15'),
('4fc21b4b-ce30-4776-8ab0-1081b4e51d81', '104', '4fc21b4b-6588-4f4a-9a37-1081b4e51d81', 'Post', NULL, 1, '2012-05-27 08:17:15', '2012-05-27 08:17:15'),
('4fc21b4b-981c-4600-aa9a-1081b4e51d81', '104', '4fc21b4b-f428-4a24-b235-1081b4e51d81', 'Post', NULL, 1, '2012-05-27 08:17:15', '2012-05-27 08:17:15'),
('4fc21b4b-8274-42a4-a8c1-1081b4e51d81', '104', '4fc21b4b-14fc-4b56-b672-1081b4e51d81', 'Post', NULL, 1, '2012-05-27 08:17:15', '2012-05-27 08:17:15'),
('4fc21be9-30d0-4158-a935-12a0b4e51d81', '105', '4fc1e522-ec34-4778-bc76-0d82b4e51d81', 'Post', NULL, 1, '2012-05-27 08:19:53', '2012-05-27 08:19:53'),
('4fc21be9-4bbc-4bd0-8615-12a0b4e51d81', '105', '4fc1fba4-3be4-4868-a9ee-0d8fb4e51d81', 'Post', NULL, 1, '2012-05-27 08:19:53', '2012-05-27 08:19:53'),
('4fc21be9-ca04-4afd-a3fe-12a0b4e51d81', '105', '4fc21b49-f5a4-4872-a656-1081b4e51d81', 'Post', NULL, 1, '2012-05-27 08:19:53', '2012-05-27 08:19:53'),
('4fc21be9-4160-4408-a2b7-12a0b4e51d81', '106', '4fc1fba3-91ac-4529-84d2-0d8fb4e51d81', 'Post', NULL, 1, '2012-05-27 08:19:53', '2012-05-27 08:19:53'),
('4fc21be9-5778-40fa-8af9-12a0b4e51d81', '106', '4fc21b49-6344-4cb9-ad51-1081b4e51d81', 'Post', NULL, 1, '2012-05-27 08:19:53', '2012-05-27 08:19:53'),
('4fc21be9-29fc-41bf-9e8a-12a0b4e51d81', '106', '4fc21b49-16c8-4652-a71e-1081b4e51d81', 'Post', NULL, 1, '2012-05-27 08:19:53', '2012-05-27 08:19:53'),
('4fc21be9-df1c-431b-b2d7-12a0b4e51d81', '108', '4fc21b49-ae6c-4aee-98c9-1081b4e51d81', 'Post', NULL, 1, '2012-05-27 08:19:53', '2012-05-27 08:19:53'),
('4fc21be9-ddc4-409c-b0dc-12a0b4e51d81', '108', '4fc21b49-2b00-48a8-bd67-1081b4e51d81', 'Post', NULL, 1, '2012-05-27 08:19:53', '2012-05-27 08:19:53'),
('4fc21be9-abfc-4469-9e1c-12a0b4e51d81', '108', '4fc21b49-c280-464b-b371-1081b4e51d81', 'Post', NULL, 1, '2012-05-27 08:19:53', '2012-05-27 08:19:53'),
('4fc21be9-e8c0-4843-b70f-12a0b4e51d81', '108', '4fc21b49-caec-4825-b505-1081b4e51d81', 'Post', NULL, 1, '2012-05-27 08:19:53', '2012-05-27 08:19:53'),
('4fc21be9-2fac-4999-9c0c-12a0b4e51d81', '108', '4fc21b49-0bd8-4c56-95fe-1081b4e51d81', 'Post', NULL, 1, '2012-05-27 08:19:53', '2012-05-27 08:19:53'),
('4fc21be9-0598-49c7-9e10-12a0b4e51d81', '109', '4fc1e125-068c-44d6-a452-0cacb4e51d81', 'Post', NULL, 1, '2012-05-27 08:19:53', '2012-05-27 08:19:53'),
('4fc21be9-f5cc-4021-9098-12a0b4e51d81', '109', '4fc21b49-04ec-40ea-99da-1081b4e51d81', 'Post', NULL, 1, '2012-05-27 08:19:53', '2012-05-27 08:19:53'),
('4fc21be9-0b80-4abe-a594-12a0b4e51d81', '109', '4fc21b49-7adc-406f-af25-1081b4e51d81', 'Post', NULL, 1, '2012-05-27 08:19:53', '2012-05-27 08:19:53'),
('4fc21bea-bf60-4575-b9f0-12a0b4e51d81', '114', '4fc21b49-6344-4cb9-ad51-1081b4e51d81', 'Post', NULL, 1, '2012-05-27 08:19:54', '2012-05-27 08:19:54'),
('4fc21bea-2848-438a-b459-12a0b4e51d81', '114', '4fc21b4a-1be4-4e5e-85ea-1081b4e51d81', 'Post', NULL, 1, '2012-05-27 08:19:54', '2012-05-27 08:19:54'),
('4fc21bea-45cc-44d7-a82c-12a0b4e51d81', '114', '4fc21b4a-7938-4092-9a52-1081b4e51d81', 'Post', NULL, 1, '2012-05-27 08:19:54', '2012-05-27 08:19:54'),
('4fc21bea-2660-4412-a640-12a0b4e51d81', '114', '4fc21b4a-4c7c-4855-830b-1081b4e51d81', 'Post', NULL, 1, '2012-05-27 08:19:54', '2012-05-27 08:19:54'),
('4fc21bea-9090-4fe4-8da5-12a0b4e51d81', '115', '4fc1fba3-91ac-4529-84d2-0d8fb4e51d81', 'Post', NULL, 1, '2012-05-27 08:19:54', '2012-05-27 08:19:54'),
('4fc21bea-9bb8-47a1-8260-12a0b4e51d81', '115', '4fc21b4a-8690-4247-9014-1081b4e51d81', 'Post', NULL, 1, '2012-05-27 08:19:54', '2012-05-27 08:19:54'),
('4fc21bea-85ac-43d9-bddf-12a0b4e51d81', '115', '4fc21b4a-44e0-4368-8c18-1081b4e51d81', 'Post', NULL, 1, '2012-05-27 08:19:54', '2012-05-27 08:19:54'),
('4fc21bea-d97c-4e08-8f7b-12a0b4e51d81', '115', '4fc21b4a-506c-44ef-a3fa-1081b4e51d81', 'Post', NULL, 1, '2012-05-27 08:19:54', '2012-05-27 08:19:54'),
('4fc21bea-cc6c-4dd9-916b-12a0b4e51d81', '115', '4fc21b4a-111c-45d3-916e-1081b4e51d81', 'Post', NULL, 1, '2012-05-27 08:19:54', '2012-05-27 08:19:54'),
('4fc21bea-7ce8-4a25-91eb-12a0b4e51d81', '117', '4fc1e125-aed8-4625-8b15-0cacb4e51d81', 'Post', NULL, 1, '2012-05-27 08:19:54', '2012-05-27 08:19:54'),
('4fc21bea-7c58-4de5-bb9f-12a0b4e51d81', '117', '4fc21b4a-1be4-4e5e-85ea-1081b4e51d81', 'Post', NULL, 1, '2012-05-27 08:19:54', '2012-05-27 08:19:54'),
('4fc21bea-55e4-4239-85b6-12a0b4e51d81', '117', '4fc21b4a-32b0-4315-906e-1081b4e51d81', 'Post', NULL, 1, '2012-05-27 08:19:54', '2012-05-27 08:19:54'),
('4fc21bea-b508-4abc-aff6-12a0b4e51d81', '117', '4fc21b4a-86e4-4210-826f-1081b4e51d81', 'Post', NULL, 1, '2012-05-27 08:19:54', '2012-05-27 08:19:54'),
('4fc21bea-07ac-4922-a40d-12a0b4e51d81', '117', '4fc21b4a-2a00-47f8-9019-1081b4e51d81', 'Post', NULL, 1, '2012-05-27 08:19:54', '2012-05-27 08:19:54'),
('4fc21bea-4ebc-48d4-8012-12a0b4e51d81', '118', '4fc1e125-068c-44d6-a452-0cacb4e51d81', 'Post', NULL, 1, '2012-05-27 08:19:54', '2012-05-27 08:19:54'),
('4fc21bea-3fb8-400d-ba56-12a0b4e51d81', '118', '4fc1fba3-91ac-4529-84d2-0d8fb4e51d81', 'Post', NULL, 1, '2012-05-27 08:19:54', '2012-05-27 08:19:54'),
('4fc21bea-0490-45e5-b3a9-12a0b4e51d81', '118', '4fc21b4a-1be4-4e5e-85ea-1081b4e51d81', 'Post', NULL, 1, '2012-05-27 08:19:54', '2012-05-27 08:19:54'),
('4fc21bea-1274-468e-8936-12a0b4e51d81', '118', '4fc21b4a-0558-4ac7-8a2e-1081b4e51d81', 'Post', NULL, 1, '2012-05-27 08:19:54', '2012-05-27 08:19:54'),
('4fc21bea-4510-4c9f-b5d1-12a0b4e51d81', '118', '4fc21b4a-8b8c-4a31-ae0e-1081b4e51d81', 'Post', NULL, 1, '2012-05-27 08:19:54', '2012-05-27 08:19:54'),
('4fc21bea-32ec-4d42-9ee8-12a0b4e51d81', '118', '4fc21b4a-bbac-4b74-8caa-1081b4e51d81', 'Post', NULL, 1, '2012-05-27 08:19:54', '2012-05-27 08:19:54'),
('4fc21bea-0340-4bb5-9a65-12a0b4e51d81', '119', '4fc1e125-068c-44d6-a452-0cacb4e51d81', 'Post', NULL, 1, '2012-05-27 08:19:54', '2012-05-27 08:19:54'),
('4fc21bea-2c18-43df-95d8-12a0b4e51d81', '119', '4fc1e520-43a8-4103-b207-0d82b4e51d81', 'Post', NULL, 1, '2012-05-27 08:19:54', '2012-05-27 08:19:54'),
('4fc21bea-4ac8-47fa-835a-12a0b4e51d81', '119', '4fc21b49-04ec-40ea-99da-1081b4e51d81', 'Post', NULL, 1, '2012-05-27 08:19:54', '2012-05-27 08:19:54'),
('4fc21bea-3afc-455d-a655-12a0b4e51d81', '119', '4fc21b4a-9884-413d-8f2a-1081b4e51d81', 'Post', NULL, 1, '2012-05-27 08:19:54', '2012-05-27 08:19:54'),
('4fc21bea-8eac-41ad-a92b-12a0b4e51d81', '120', '4fc1fba3-91ac-4529-84d2-0d8fb4e51d81', 'Post', NULL, 1, '2012-05-27 08:19:54', '2012-05-27 08:19:54'),
('4fc21bea-73f0-4d8b-a0d7-12a0b4e51d81', '120', '4fc1fba4-04f0-43fa-a5f7-0d8fb4e51d81', 'Post', NULL, 1, '2012-05-27 08:19:54', '2012-05-27 08:19:54'),
('4fc21bea-793c-4810-8551-12a0b4e51d81', '120', '4fc21b4a-9884-413d-8f2a-1081b4e51d81', 'Post', NULL, 1, '2012-05-27 08:19:54', '2012-05-27 08:19:54'),
('4fc21bea-a78c-48bd-b09f-12a0b4e51d81', '120', '4fc21b4a-66e0-4ef5-a8ce-1081b4e51d81', 'Post', NULL, 1, '2012-05-27 08:19:54', '2012-05-27 08:19:54'),
('4fc21bea-d44c-445f-aa17-12a0b4e51d81', '120', '4fc21b4a-e1c0-424d-8c13-1081b4e51d81', 'Post', NULL, 1, '2012-05-27 08:19:54', '2012-05-27 08:19:54'),
('4fc21bea-22a4-462b-bb37-12a0b4e51d81', '120', '4fc21b4a-d960-489c-a4d2-1081b4e51d81', 'Post', NULL, 1, '2012-05-27 08:19:54', '2012-05-27 08:19:54'),
('4fc21bea-692c-4808-b095-12a0b4e51d81', '122', '4fc1e520-43a8-4103-b207-0d82b4e51d81', 'Post', NULL, 1, '2012-05-27 08:19:54', '2012-05-27 08:19:54'),
('4fc21bea-bcfc-4902-8e00-12a0b4e51d81', '122', '4fc21b4b-83bc-4471-9304-1081b4e51d81', 'Post', NULL, 1, '2012-05-27 08:19:54', '2012-05-27 08:19:54'),
('4fc21bea-8a08-4382-88d5-12a0b4e51d81', '122', '4fc21b4b-adc0-407a-a8d4-1081b4e51d81', 'Post', NULL, 1, '2012-05-27 08:19:54', '2012-05-27 08:19:54'),
('4fc21bea-5c04-489c-9961-12a0b4e51d81', '123', '4fc1e125-068c-44d6-a452-0cacb4e51d81', 'Post', NULL, 1, '2012-05-27 08:19:54', '2012-05-27 08:19:54'),
('4fc21bea-98c8-412d-b971-12a0b4e51d81', '123', '4fc1e520-43a8-4103-b207-0d82b4e51d81', 'Post', NULL, 1, '2012-05-27 08:19:54', '2012-05-27 08:19:54'),
('4fc21bea-c718-49e3-8ed4-12a0b4e51d81', '123', '4fc21b49-04ec-40ea-99da-1081b4e51d81', 'Post', NULL, 1, '2012-05-27 08:19:54', '2012-05-27 08:19:54'),
('4fc21bea-8678-4bc1-ba15-12a0b4e51d81', '123', '4fc21b4b-6588-4f4a-9a37-1081b4e51d81', 'Post', NULL, 1, '2012-05-27 08:19:54', '2012-05-27 08:19:54'),
('4fc21bea-418c-4b90-b77e-12a0b4e51d81', '123', '4fc21b4b-d000-4bad-b0de-1081b4e51d81', 'Post', NULL, 1, '2012-05-27 08:19:54', '2012-05-27 08:19:54'),
('4fc21bea-0e98-490d-90f9-12a0b4e51d81', '123', '4fc21b4b-f428-4a24-b235-1081b4e51d81', 'Post', NULL, 1, '2012-05-27 08:19:54', '2012-05-27 08:19:54'),
('4fc21beb-4470-4e39-ae84-12a0b4e51d81', '126', '4fc1fba3-91ac-4529-84d2-0d8fb4e51d81', 'Post', NULL, 1, '2012-05-27 08:19:55', '2012-05-27 08:19:55'),
('4fc21beb-3c10-4b1d-94b6-12a0b4e51d81', '126', '4fc21b49-6344-4cb9-ad51-1081b4e51d81', 'Post', NULL, 1, '2012-05-27 08:19:55', '2012-05-27 08:19:55'),
('4fc21beb-3414-4420-92c1-12a0b4e51d81', '126', '4fc21b4a-1be4-4e5e-85ea-1081b4e51d81', 'Post', NULL, 1, '2012-05-27 08:19:55', '2012-05-27 08:19:55'),
('4fc21beb-f4a0-4207-815f-12a0b4e51d81', '126', '4fc21b4b-d000-4bad-b0de-1081b4e51d81', 'Post', NULL, 1, '2012-05-27 08:19:55', '2012-05-27 08:19:55'),
('4fc21beb-07c4-4c94-871e-12a0b4e51d81', '128', '4fc1e125-aed8-4625-8b15-0cacb4e51d81', 'Post', NULL, 1, '2012-05-27 08:19:55', '2012-05-27 08:19:55'),
('4fc21beb-147c-4d36-81d6-12a0b4e51d81', '128', '4fc1fba3-91ac-4529-84d2-0d8fb4e51d81', 'Post', NULL, 1, '2012-05-27 08:19:55', '2012-05-27 08:19:55'),
('4fc21beb-d058-49dc-be4a-12a0b4e51d81', '128', '4fc21b4a-2a00-47f8-9019-1081b4e51d81', 'Post', NULL, 1, '2012-05-27 08:19:55', '2012-05-27 08:19:55'),
('4fc21beb-a534-4788-b40b-12a0b4e51d81', '128', '4fc21b4b-d000-4bad-b0de-1081b4e51d81', 'Post', NULL, 1, '2012-05-27 08:19:55', '2012-05-27 08:19:55'),
('4fc21beb-5e54-41d7-bd7d-12a0b4e51d81', '128', '4fc21b4b-da9c-4941-9ca1-1081b4e51d81', 'Post', NULL, 1, '2012-05-27 08:19:55', '2012-05-27 08:19:55'),
('4fc21beb-2ab4-404d-8b80-12a0b4e51d81', '129', '4fc1e125-068c-44d6-a452-0cacb4e51d81', 'Post', NULL, 1, '2012-05-27 08:19:55', '2012-05-27 08:19:55'),
('4fc21beb-0c10-43a2-a394-12a0b4e51d81', '129', '4fc1e520-43a8-4103-b207-0d82b4e51d81', 'Post', NULL, 1, '2012-05-27 08:19:55', '2012-05-27 08:19:55'),
('4fc21beb-d214-48f7-88da-12a0b4e51d81', '129', '4fc1fba3-91ac-4529-84d2-0d8fb4e51d81', 'Post', NULL, 1, '2012-05-27 08:19:55', '2012-05-27 08:19:55'),
('4fc21beb-b758-481a-9d94-12a0b4e51d81', '129', '4fc21b49-6344-4cb9-ad51-1081b4e51d81', 'Post', NULL, 1, '2012-05-27 08:19:55', '2012-05-27 08:19:55'),
('4fc21beb-6a38-4aa0-9232-12a0b4e51d81', '129', '4fc21b4a-0558-4ac7-8a2e-1081b4e51d81', 'Post', NULL, 1, '2012-05-27 08:19:55', '2012-05-27 08:19:55'),
('4fc21beb-2cb8-4a45-b312-12a0b4e51d81', '129', '4fc21b4b-6588-4f4a-9a37-1081b4e51d81', 'Post', NULL, 1, '2012-05-27 08:19:55', '2012-05-27 08:19:55'),
('4fc21beb-fd48-4f6f-8b5f-12a0b4e51d81', '129', '4fc21b4b-f428-4a24-b235-1081b4e51d81', 'Post', NULL, 1, '2012-05-27 08:19:55', '2012-05-27 08:19:55'),
('4fc21beb-c34c-41ff-b309-12a0b4e51d81', '129', '4fc21b4b-14fc-4b56-b672-1081b4e51d81', 'Post', NULL, 1, '2012-05-27 08:19:55', '2012-05-27 08:19:55');

--
-- Dumping data for table `tags`
--

INSERT INTO `tags` (`id`, `identifier`, `name`, `keyname`, `weight`, `created`, `modified`) VALUES
('4fc1e125-dac4-4093-980b-0cacb4e51d81', NULL, 'Actu', 'actu', 0, '2012-05-27 04:09:09', '2012-05-27 04:09:10'),
('4fc1e125-9618-4f57-ab27-0cacb4e51d81', NULL, 'Events', 'events', 0, '2012-05-27 04:09:09', '2012-05-27 04:09:10'),
('4fc1e125-2b24-437f-bfd7-0cacb4e51d81', NULL, 'Emma Lohoues', 'emma-lohoues', 0, '2012-05-27 04:09:09', '2012-05-27 04:09:09'),
('4fc1e125-603c-49e6-b7ec-0cacb4e51d81', NULL, 'Festival de Cannes', 'festival-de-cannes', 0, '2012-05-27 04:09:09', '2012-05-27 04:09:09'),
('4fc1e125-e8ac-49e8-b08a-0cacb4e51d81', NULL, 'Mec idéal', 'mec-ideal', 0, '2012-05-27 04:09:09', '2012-05-27 04:09:09'),
('4fc1e125-e5e8-41c6-a0f1-0cacb4e51d81', NULL, 'Aurélie eliam', 'aurelie-eliam', 0, '2012-05-27 04:09:09', '2012-05-27 04:09:09'),
('4fc1e125-068c-44d6-a452-0cacb4e51d81', NULL, 'Côte d''Ivoire', 'cote-d-ivoire', 0, '2012-05-27 04:09:09', '2012-05-27 08:19:55'),
('4fc1e125-0e94-470d-b5f1-0cacb4e51d81', NULL, 'Life Magazine', 'life-magazine', 0, '2012-05-27 04:09:09', '2012-05-27 04:09:09'),
('4fc1e125-ff90-4baa-bd4e-0cacb4e51d81', NULL, 'Mike Danon', 'mike-danon', 0, '2012-05-27 04:09:09', '2012-05-27 04:09:09'),
('4fc1e125-be2c-41ef-a8f7-0cacb4e51d81', NULL, 'Starinfos', 'starinfos', 0, '2012-05-27 04:09:09', '2012-05-27 04:09:10'),
('4fc1e125-6918-400b-aa7c-0cacb4e51d81', NULL, 'Genevieve nnaji', 'genevieve-nnaji', 0, '2012-05-27 04:09:09', '2012-05-27 04:09:09'),
('4fc1e125-aed8-4625-8b15-0cacb4e51d81', NULL, 'Nigéria', 'nigeria', 0, '2012-05-27 04:09:09', '2012-05-27 08:19:55'),
('4fc1e125-a8d0-47c2-b4cb-0cacb4e51d81', NULL, 'Twitter', 'twitter', 0, '2012-05-27 04:09:09', '2012-05-27 06:02:11'),
('4fc1e125-9d08-480a-acaf-0cacb4e51d81', NULL, 'Babi', 'babi', 0, '2012-05-27 04:09:09', '2012-05-27 04:09:09'),
('4fc1e125-d710-4a57-b85a-0cacb4e51d81', NULL, 'Court métrage', 'court-metrage', 0, '2012-05-27 04:09:09', '2012-05-27 04:09:09'),
('4fc1e125-d748-447d-afb6-0cacb4e51d81', NULL, 'Siam Marley', 'siam-marley', 0, '2012-05-27 04:09:09', '2012-05-27 04:09:09'),
('4fc1e125-1be8-4018-a52f-0cacb4e51d81', NULL, 'Revue', 'revue', 0, '2012-05-27 04:09:09', '2012-05-27 04:09:10'),
('4fc1e125-4bc8-4730-81b2-0cacb4e51d81', NULL, 'Le mec idéal', 'le-mec-ideal', 0, '2012-05-27 04:09:09', '2012-05-27 04:09:09'),
('4fc1e125-4ad4-43cf-a451-0cacb4e51d81', NULL, 'Marie-Louise Asseu', 'marie-louise-asseu', 0, '2012-05-27 04:09:09', '2012-05-27 04:09:09'),
('4fc1e125-7dd4-4750-9557-0cacb4e51d81', NULL, 'Owell Brown', 'owell-brown', 0, '2012-05-27 04:09:09', '2012-05-27 04:09:09'),
('4fc1e125-88fc-486b-856a-0cacb4e51d81', NULL, 'Serge Abessolo', 'serge-abessolo', 0, '2012-05-27 04:09:09', '2012-05-27 04:09:09'),
('4fc1e125-b628-4cd2-9dbc-0cacb4e51d81', NULL, 'Alain Guikou', 'alain-guikou', 0, '2012-05-27 04:09:09', '2012-05-27 04:09:09'),
('4fc1e125-d474-4b48-b1b0-0cacb4e51d81', NULL, 'Guy Kalou', 'guy-kalou', 0, '2012-05-27 04:09:09', '2012-05-27 04:09:09'),
('4fc1e125-ffa4-4e63-9694-0cacb4e51d81', NULL, 'Landry Gnamba', 'landry-gnamba', 0, '2012-05-27 04:09:09', '2012-05-27 04:09:09'),
('4fc1e125-128c-482a-b2aa-0cacb4e51d81', NULL, 'Kalu Ikeagwu', 'kalu-ikeagwu', 0, '2012-05-27 04:09:09', '2012-05-27 04:09:09'),
('4fc1e125-45f0-4cf4-ae52-0cacb4e51d81', NULL, 'Mercy Johnson', 'mercy-johnson', 0, '2012-05-27 04:09:09', '2012-05-27 04:09:09'),
('4fc1e125-66f8-4a24-b639-0cacb4e51d81', NULL, 'Rita Dominic', 'rita-dominic', 0, '2012-05-27 04:09:09', '2012-05-27 04:09:10'),
('4fc1e125-5bdc-463c-8c47-0cacb4e51d81', NULL, 'Yemi Blaq', 'yemi-blaq', 0, '2012-05-27 04:09:09', '2012-05-27 04:09:09'),
('4fc1e126-b9b0-4528-9515-0cacb4e51d81', NULL, 'Mike Ezuruonye', 'mike-ezuruonye', 0, '2012-05-27 04:09:10', '2012-05-27 04:09:10'),
('4fc1e126-ebe8-4fa4-a7d8-0cacb4e51d81', NULL, 'Oge Okoye', 'oge-okoye', 0, '2012-05-27 04:09:10', '2012-05-27 04:09:10'),
('4fc1e126-ba28-4917-9db7-0cacb4e51d81', NULL, 'Contacts', 'contacts', 0, '2012-05-27 04:09:10', '2012-05-27 04:09:10'),
('4fc1e126-3c10-46f1-9874-0cacb4e51d81', NULL, 'Débats', 'debats', 0, '2012-05-27 04:09:10', '2012-05-27 04:09:10'),
('4fc1e126-6038-473d-b888-0cacb4e51d81', NULL, 'Interviews', 'interviews', 0, '2012-05-27 04:09:10', '2012-05-27 06:21:58'),
('4fc1e126-6a98-4089-bdc5-0cacb4e51d81', NULL, 'Pays', 'pays', 0, '2012-05-27 04:09:10', '2012-05-27 04:09:10'),
('4fc1e126-6620-470b-bde3-0cacb4e51d81', NULL, 'Sorties', 'sorties', 0, '2012-05-27 04:09:10', '2012-05-27 04:09:10'),
('4fc1e126-6c34-4d41-8118-0cacb4e51d81', NULL, 'A propos', 'a-propos', 0, '2012-05-27 04:09:10', '2012-05-27 04:09:10'),
('4fc1e126-75cc-4a92-91d3-0cacb4e51d81', NULL, 'Afriwood', 'afriwood', 0, '2012-05-27 04:09:10', '2012-05-27 04:09:10'),
('4fc1e126-a5ac-4fee-8530-0cacb4e51d81', NULL, 'Bienvenue', 'bienvenue', 0, '2012-05-27 04:09:10', '2012-05-27 04:09:10'),
('4fc1e126-fe90-4a15-a010-0cacb4e51d81', NULL, 'Yehni Djidji', 'yehni-djidji', 0, '2012-05-27 04:09:10', '2012-05-27 04:09:10'),
('4fc1e520-639c-43d5-95d9-0d82b4e51d81', NULL, 'Mes brèves...', 'mes-breves', 0, '2012-05-27 04:26:08', '2012-05-27 04:26:10'),
('4fc1e520-43a8-4103-b207-0d82b4e51d81', NULL, 'Abidjan', 'abidjan', 0, '2012-05-27 04:26:08', '2012-05-27 08:19:55'),
('4fc1e520-4124-45ea-95c6-0d82b4e51d81', NULL, 'Google', 'google', 0, '2012-05-27 04:26:08', '2012-05-27 04:26:08'),
('4fc1e520-447c-469e-9b91-0d82b4e51d81', NULL, 'Googledays', 'googledays', 0, '2012-05-27 04:26:08', '2012-05-27 04:26:08'),
('4fc1e520-37d0-4ae8-8209-0d82b4e51d81', NULL, 'Maquis', 'maquis', 0, '2012-05-27 04:26:08', '2012-05-27 04:26:08'),
('4fc1e520-35b0-4218-98ac-0d82b4e51d81', NULL, 'Yopougon', 'yopougon', 0, '2012-05-27 04:26:08', '2012-05-27 04:26:08'),
('4fc1e520-6f88-4ec0-8502-0d82b4e51d81', NULL, 'Ma vision du monde', 'ma-vision-du-monde', 0, '2012-05-27 04:26:08', '2012-05-27 04:26:09'),
('4fc1e520-a670-4f54-912d-0d82b4e51d81', NULL, 'AKENDEWA', 'akendewa', 0, '2012-05-27 04:26:08', '2012-05-27 06:02:11'),
('4fc1e520-9d48-4491-8913-0d82b4e51d81', NULL, 'JNTIC Abidjan', 'jntic-abidjan', 0, '2012-05-27 04:26:08', '2012-05-27 04:26:08'),
('4fc1e520-9290-4c8d-8d63-0d82b4e51d81', NULL, 'TIC', 'tic', 0, '2012-05-27 04:26:08', '2012-05-27 04:26:08'),
('4fc1e520-1508-4181-ab19-0d82b4e51d81', NULL, 'Ce que je vois', 'ce-que-je-vois', 0, '2012-05-27 04:26:08', '2012-05-27 04:26:10'),
('4fc1e520-4ac4-4fd7-a090-0d82b4e51d81', NULL, 'Bars', 'bars', 0, '2012-05-27 04:26:08', '2012-05-27 04:26:08'),
('4fc1e520-4840-4f62-bb5c-0d82b4e51d81', NULL, 'Googles days', 'googles-days', 0, '2012-05-27 04:26:08', '2012-05-27 04:26:08'),
('4fc1e520-5b38-41b8-898a-0d82b4e51d81', NULL, 'Marques', 'marques', 0, '2012-05-27 04:26:08', '2012-05-27 04:26:08'),
('4fc1e520-73a8-4b0a-a04d-0d82b4e51d81', NULL, 'Restaurant', 'restaurant', 0, '2012-05-27 04:26:08', '2012-05-27 04:26:08'),
('4fc1e521-035c-45c7-a10b-0d82b4e51d81', NULL, 'Afrique', 'afrique', 0, '2012-05-27 04:26:09', '2012-05-27 06:02:12'),
('4fc1e521-4fc0-4929-8d16-0d82b4e51d81', NULL, 'France', 'france', 0, '2012-05-27 04:26:09', '2012-05-27 04:26:09'),
('4fc1e521-6e70-4c00-9536-0d82b4e51d81', NULL, 'Hollande', 'hollande', 0, '2012-05-27 04:26:09', '2012-05-27 04:26:09'),
('4fc1e521-a170-423a-a7fb-0d82b4e51d81', NULL, 'Présidence française', 'presidence-francaise', 0, '2012-05-27 04:26:09', '2012-05-27 04:26:09'),
('4fc1e521-7ea0-4664-be4b-0d82b4e51d81', NULL, 'aranaque', 'aranaque', 0, '2012-05-27 04:26:09', '2012-05-27 04:26:09'),
('4fc1e521-b0d8-4b1a-8105-0d82b4e51d81', NULL, 'bon prix', 'bon-prix', 0, '2012-05-27 04:26:09', '2012-05-27 04:26:09'),
('4fc1e521-276c-4b39-868a-0d82b4e51d81', NULL, 'bonne affaire', 'bonne-affaire', 0, '2012-05-27 04:26:09', '2012-05-27 04:26:09'),
('4fc1e521-7560-4155-a56a-0d82b4e51d81', NULL, 'cocody', 'cocody', 0, '2012-05-27 04:26:09', '2012-05-27 04:26:09'),
('4fc1e521-7a48-4f52-9d99-0d82b4e51d81', NULL, 'coussins', 'coussins', 0, '2012-05-27 04:26:09', '2012-05-27 04:26:09'),
('4fc1e521-7ae4-479f-8897-0d82b4e51d81', NULL, 'malhonnêteté', 'malhonnetete', 0, '2012-05-27 04:26:09', '2012-05-27 04:26:09'),
('4fc1e521-7cac-48d4-9e69-0d82b4e51d81', NULL, 'Marchands ambulants', 'marchands-ambulants', 0, '2012-05-27 04:26:09', '2012-05-27 04:26:09'),
('4fc1e521-825c-475e-845a-0d82b4e51d81', NULL, 'vendeurs de rue', 'vendeurs-de-rue', 0, '2012-05-27 04:26:09', '2012-05-27 04:26:09'),
('4fc1e521-de7c-44dc-9aef-0d82b4e51d81', NULL, '3G', '3g', 0, '2012-05-27 04:26:09', '2012-05-27 04:26:09'),
('4fc1e521-6898-4ce1-b083-0d82b4e51d81', NULL, 'Chelsea', 'chelsea', 0, '2012-05-27 04:26:09', '2012-05-27 04:26:09'),
('4fc1e521-6cb8-4c60-af58-0d82b4e51d81', NULL, 'Drogba', 'drogba', 0, '2012-05-27 04:26:09', '2012-05-27 04:26:09'),
('4fc1e521-7204-4096-9bb8-0d82b4e51d81', NULL, 'LDC', 'ldc', 0, '2012-05-27 04:26:09', '2012-05-27 04:26:09'),
('4fc1e521-8114-4e7d-bc3f-0d82b4e51d81', NULL, 'Ligue des champions', 'ligue-des-champions', 0, '2012-05-27 04:26:09', '2012-05-27 04:26:09'),
('4fc1e521-7788-46ee-bcee-0d82b4e51d81', NULL, 'SAMSUNG', 'samsung', 0, '2012-05-27 04:26:09', '2012-05-27 04:26:09'),
('4fc1e521-06c8-4a74-a733-0d82b4e51d81', NULL, 'Ce que je lis...', 'ce-que-je-lis', 0, '2012-05-27 04:26:09', '2012-05-27 04:26:09'),
('4fc1e521-3450-49be-a6c6-0d82b4e51d81', NULL, 'boucher', 'boucher', 0, '2012-05-27 04:26:09', '2012-05-27 04:26:09'),
('4fc1e521-2ac4-4df4-b75f-0d82b4e51d81', NULL, 'humilité', 'humilite', 0, '2012-05-27 04:26:09', '2012-05-27 04:26:09'),
('4fc1e521-a8c4-450d-b33c-0d82b4e51d81', NULL, 'marché', 'marche', 0, '2012-05-27 04:26:09', '2012-05-27 04:26:09'),
('4fc1e521-e5ec-4cfa-b3c7-0d82b4e51d81', NULL, 'misère', 'misere', 0, '2012-05-27 04:26:09', '2012-05-27 04:26:09'),
('4fc1e521-d620-40a5-8fda-0d82b4e51d81', NULL, 'pauvreté', 'pauvrete', 0, '2012-05-27 04:26:09', '2012-05-27 04:26:09'),
('4fc1e521-d590-4971-98e8-0d82b4e51d81', NULL, 'Pâques', 'paques', 0, '2012-05-27 04:26:09', '2012-05-27 04:26:09'),
('4fc1e521-d0b4-4538-afe4-0d82b4e51d81', NULL, 'viande', 'viande', 0, '2012-05-27 04:26:09', '2012-05-27 04:26:09'),
('4fc1e521-e830-4b98-9b3c-0d82b4e51d81', NULL, 'Autoroute', 'autoroute', 0, '2012-05-27 04:26:09', '2012-05-27 04:26:09'),
('4fc1e521-530c-4c6c-86d9-0d82b4e51d81', NULL, 'Chauffeur', 'chauffeur', 0, '2012-05-27 04:26:09', '2012-05-27 04:26:09'),
('4fc1e521-d620-4254-ba9f-0d82b4e51d81', NULL, 'Imprudence', 'imprudence', 0, '2012-05-27 04:26:09', '2012-05-27 04:26:09'),
('4fc1e521-f084-443a-ac17-0d82b4e51d81', NULL, 'Inconscience', 'inconscience', 0, '2012-05-27 04:26:09', '2012-05-27 04:26:09'),
('4fc1e521-0958-480f-9358-0d82b4e51d81', NULL, 'insecurite', 'insecurite', 0, '2012-05-27 04:26:09', '2012-05-27 04:26:09'),
('4fc1e521-1480-46ab-907c-0d82b4e51d81', NULL, 'Mort', 'mort', 0, '2012-05-27 04:26:09', '2012-05-27 04:26:09'),
('4fc1e521-22c8-4922-8042-0d82b4e51d81', NULL, 'Securite', 'securite', 0, '2012-05-27 04:26:09', '2012-05-27 04:26:09'),
('4fc1e521-1c5c-4caa-8339-0d82b4e51d81', NULL, 'Taxi', 'taxi', 0, '2012-05-27 04:26:09', '2012-05-27 04:26:09'),
('4fc1e521-1b04-454c-9517-0d82b4e51d81', NULL, 'Vie en danger', 'vie-en-danger', 0, '2012-05-27 04:26:09', '2012-05-27 04:26:09'),
('4fc1e521-96d0-4193-b51f-0d82b4e51d81', NULL, 'Avenir', 'avenir', 0, '2012-05-27 04:26:09', '2012-05-27 04:26:10'),
('4fc1e521-f590-4cb7-9c6d-0d82b4e51d81', NULL, 'Bus', 'bus', 0, '2012-05-27 04:26:09', '2012-05-27 04:26:10'),
('4fc1e521-eccc-4dc1-aa6d-0d82b4e51d81', NULL, 'Bus bondes', 'bus-bondes', 0, '2012-05-27 04:26:09', '2012-05-27 04:26:10'),
('4fc1e521-e728-405d-88d6-0d82b4e51d81', NULL, 'eleves', 'eleves', 0, '2012-05-27 04:26:09', '2012-05-27 04:26:10'),
('4fc1e521-f124-48d6-a679-0d82b4e51d81', NULL, 'etudiants', 'etudiants', 0, '2012-05-27 04:26:09', '2012-05-27 04:26:10'),
('4fc1e521-e3b0-4dff-a5a6-0d82b4e51d81', NULL, 'Lutte', 'lutte', 0, '2012-05-27 04:26:09', '2012-05-27 04:26:10'),
('4fc1e521-e2bc-4dd3-ae9d-0d82b4e51d81', NULL, 'Papa Wemba', 'papa-wemba', 0, '2012-05-27 04:26:09', '2012-05-27 04:26:10'),
('4fc1e521-e7a4-4b54-8ae6-0d82b4e51d81', NULL, 'Sotra', 'sotra', 0, '2012-05-27 04:26:09', '2012-05-27 04:26:10'),
('4fc1e522-825c-437c-b8af-0d82b4e51d81', NULL, 'abstention', 'abstention', 0, '2012-05-27 04:26:10', '2012-05-27 04:26:10'),
('4fc1e522-a5bc-4824-b1b9-0d82b4e51d81', NULL, 'Amis', 'amis', 0, '2012-05-27 04:26:10', '2012-05-27 04:26:10'),
('4fc1e522-d72c-46ef-8bd6-0d82b4e51d81', NULL, 'avis', 'avis', 0, '2012-05-27 04:26:10', '2012-05-27 04:26:10'),
('4fc1e522-ec34-4778-bc76-0d82b4e51d81', NULL, 'Facebook', 'facebook', 0, '2012-05-27 04:26:10', '2012-05-27 08:19:53'),
('4fc1e522-1764-45cd-aa45-0d82b4e51d81', NULL, 'J''aime', 'j-aime', 0, '2012-05-27 04:26:10', '2012-05-27 04:26:10'),
('4fc1e522-15a8-464a-9b2f-0d82b4e51d81', NULL, 'Retweet', 'retweet', 0, '2012-05-27 04:26:10', '2012-05-27 04:26:10'),
('4fc1fba2-c858-496f-9874-0d8fb4e51d81', NULL, 'leadership', 'leadership', 0, '2012-05-27 06:02:10', '2012-05-27 06:02:11'),
('4fc1fba2-63a4-4e15-99a6-0d8fb4e51d81', NULL, 'apprentissage', 'apprentissage', 0, '2012-05-27 06:02:10', '2012-05-27 06:02:10'),
('4fc1fba2-6058-4096-9706-0d8fb4e51d81', NULL, 'esprit', 'esprit', 0, '2012-05-27 06:02:10', '2012-05-27 06:02:10'),
('4fc1fba2-c238-45b2-89d2-0d8fb4e51d81', NULL, 'excellence', 'excellence', 0, '2012-05-27 06:02:10', '2012-05-27 06:02:10'),
('4fc1fba2-d33c-4a4b-9ff3-0d8fb4e51d81', NULL, 'habilité', 'habilite', 0, '2012-05-27 06:02:10', '2012-05-27 06:02:10'),
('4fc1fba2-cc6c-4055-ab23-0d8fb4e51d81', NULL, 'ingéniosité', 'ingeniosite', 0, '2012-05-27 06:02:10', '2012-05-27 06:02:10'),
('4fc1fba2-c218-41c4-a152-0d8fb4e51d81', NULL, 'passion', 'passion', 0, '2012-05-27 06:02:10', '2012-05-27 06:02:10'),
('4fc1fba2-c188-46e5-92cc-0d8fb4e51d81', NULL, 'passionné', 'passionne', 0, '2012-05-27 06:02:10', '2012-05-27 06:02:10'),
('4fc1fba2-b220-4240-bb81-0d8fb4e51d81', NULL, 'problèmes', 'problemes', 0, '2012-05-27 06:02:10', '2012-05-27 06:02:10'),
('4fc1fba2-3234-4573-aac9-0d8fb4e51d81', NULL, 'technology', 'technology', 0, '2012-05-27 06:02:10', '2012-05-27 06:02:12'),
('4fc1fba2-0a0c-4d41-b489-0d8fb4e51d81', NULL, 'acquérir', 'acquerir', 0, '2012-05-27 06:02:10', '2012-05-27 06:02:10'),
('4fc1fba2-82b8-412d-820c-0d8fb4e51d81', NULL, 'application', 'application', 0, '2012-05-27 06:02:10', '2012-05-27 06:02:11'),
('4fc1fba2-92b4-4e4b-899e-0d8fb4e51d81', NULL, 'code', 'code', 0, '2012-05-27 06:02:10', '2012-05-27 06:02:10'),
('4fc1fba2-cf38-49eb-aefb-0d8fb4e51d81', NULL, 'code source', 'code-source', 0, '2012-05-27 06:02:10', '2012-05-27 06:02:10'),
('4fc1fba2-1af8-4008-ad36-0d8fb4e51d81', NULL, 'developpeur', 'developpeur', 0, '2012-05-27 06:02:10', '2012-05-27 06:02:10'),
('4fc1fba2-0268-438e-9e1e-0d8fb4e51d81', NULL, 'documenter', 'documenter', 0, '2012-05-27 06:02:10', '2012-05-27 06:02:10'),
('4fc1fba2-7c40-498c-922c-0d8fb4e51d81', NULL, 'google plus', 'google-plus', 0, '2012-05-27 06:02:10', '2012-05-27 06:02:10'),
('4fc1fba2-3390-4c52-bdb5-0d8fb4e51d81', NULL, 'logiciel', 'logiciel', 0, '2012-05-27 06:02:10', '2012-05-27 06:02:10'),
('4fc1fba2-cb3c-45f8-9540-0d8fb4e51d81', NULL, 'modifier', 'modifier', 0, '2012-05-27 06:02:10', '2012-05-27 06:02:10'),
('4fc1fba2-9678-4d10-a1bd-0d8fb4e51d81', NULL, 'observer', 'observer', 0, '2012-05-27 06:02:10', '2012-05-27 06:02:10'),
('4fc1fba2-52dc-44b3-9816-0d8fb4e51d81', NULL, 'ormad', 'ormad', 0, '2012-05-27 06:02:10', '2012-05-27 06:02:10'),
('4fc1fba2-f44c-4a94-a12b-0d8fb4e51d81', NULL, 'reproduire', 'reproduire', 0, '2012-05-27 06:02:10', '2012-05-27 06:02:10'),
('4fc1fba2-d950-4a84-b5f1-0d8fb4e51d81', NULL, 'savoir-faire', 'savoir-faire', 0, '2012-05-27 06:02:10', '2012-05-27 06:02:10'),
('4fc1fba2-f630-4111-80fb-0d8fb4e51d81', NULL, 'serveur', 'serveur', 0, '2012-05-27 06:02:10', '2012-05-27 06:02:10'),
('4fc1fba2-2760-427d-8f8d-0d8fb4e51d81', NULL, 'système', 'systeme', 0, '2012-05-27 06:02:10', '2012-05-27 06:02:10'),
('4fc1fba2-dfdc-490a-825a-0d8fb4e51d81', NULL, 'femmes', 'femmes', 0, '2012-05-27 06:02:10', '2012-05-27 06:02:10'),
('4fc1fba2-5ea4-42dd-90ef-0d8fb4e51d81', NULL, 'girls in tech', 'girls-in-tech', 0, '2012-05-27 06:02:10', '2012-05-27 06:02:10'),
('4fc1fba2-a018-45db-b0d5-0d8fb4e51d81', NULL, 'les femmes et les filles dans ', 'les-femmes-et-les-filles-dans-', 0, '2012-05-27 06:02:10', '2012-05-27 06:02:10'),
('4fc1fba2-c440-4330-b712-0d8fb4e51d81', NULL, 'ordinateur', 'ordinateur', 0, '2012-05-27 06:02:10', '2012-05-27 06:02:10'),
('4fc1fba2-c7fc-4744-87f9-0d8fb4e51d81', NULL, 'technologies', 'technologies', 0, '2012-05-27 06:02:10', '2012-05-27 06:02:11'),
('4fc1fba3-ab60-4802-9fdb-0d8fb4e51d81', NULL, 'blogging', 'blogging', 0, '2012-05-27 06:02:11', '2012-05-27 06:02:11'),
('4fc1fba3-1380-45b2-a88e-0d8fb4e51d81', NULL, 'branding', 'branding', 0, '2012-05-27 06:02:11', '2012-05-27 06:02:11'),
('4fc1fba3-2a60-423b-9d1b-0d8fb4e51d81', NULL, 'politique', 'politique', 0, '2012-05-27 06:02:11', '2012-05-27 06:02:11'),
('4fc1fba3-91ac-4529-84d2-0d8fb4e51d81', NULL, 'africa', 'africa', 0, '2012-05-27 06:02:11', '2012-05-27 08:19:55'),
('4fc1fba3-134c-424e-8f64-0d8fb4e51d81', NULL, 'entrepreneurship', 'entrepreneurship', 0, '2012-05-27 06:02:11', '2012-05-27 06:02:12'),
('4fc1fba3-513c-4186-9491-0d8fb4e51d81', NULL, 'Innovation', 'innovation', 0, '2012-05-27 06:02:11', '2012-05-27 06:02:12'),
('4fc1fba3-a05c-47fd-9e08-0d8fb4e51d81', NULL, '#afritechpreneur', 'afritechpreneur', 0, '2012-05-27 06:02:11', '2012-05-27 06:02:11'),
('4fc1fba3-b930-4081-98e5-0d8fb4e51d81', NULL, 'difficultés', 'difficultes', 0, '2012-05-27 06:02:11', '2012-05-27 06:02:11'),
('4fc1fba3-e610-4401-afe1-0d8fb4e51d81', NULL, 'concours', 'concours', 0, '2012-05-27 06:02:11', '2012-05-27 06:02:11'),
('4fc1fba3-c404-4b0a-94d7-0d8fb4e51d81', NULL, 'emploi', 'emploi', 0, '2012-05-27 06:02:11', '2012-05-27 06:02:11'),
('4fc1fba3-ec14-4062-a124-0d8fb4e51d81', NULL, 'gnamien konan', 'gnamien-konan', 0, '2012-05-27 06:02:11', '2012-05-27 06:02:11'),
('4fc1fba3-1ac8-4704-a9a3-0d8fb4e51d81', NULL, 'informaticien', 'informaticien', 0, '2012-05-27 06:02:11', '2012-05-27 06:02:11'),
('4fc1fba3-3dc4-4db7-bc8c-0d8fb4e51d81', NULL, 'recrutement', 'recrutement', 0, '2012-05-27 06:02:11', '2012-05-27 06:02:11'),
('4fc1fba3-5674-47d8-bdba-0d8fb4e51d81', NULL, 'android', 'android', 0, '2012-05-27 06:02:11', '2012-05-27 06:02:11'),
('4fc1fba3-c9e8-4d7c-9693-0d8fb4e51d81', NULL, 'blog', 'blog', 0, '2012-05-27 06:02:11', '2012-05-27 06:02:11'),
('4fc1fba3-55f8-4b1a-b7a7-0d8fb4e51d81', NULL, 'ecosytème', 'ecosyteme', 0, '2012-05-27 06:02:11', '2012-05-27 06:02:11'),
('4fc1fba3-ad4c-4cd2-ad02-0d8fb4e51d81', NULL, 'emuler', 'emuler', 0, '2012-05-27 06:02:11', '2012-05-27 06:02:11'),
('4fc1fba3-fd34-4229-83d7-0d8fb4e51d81', NULL, 'engagement', 'engagement', 0, '2012-05-27 06:02:11', '2012-05-27 06:02:11'),
('4fc1fba3-2c4c-49d0-858b-0d8fb4e51d81', NULL, 'entrepreneur', 'entrepreneur', 0, '2012-05-27 06:02:11', '2012-05-27 06:02:12'),
('4fc1fba3-7018-4443-905c-0d8fb4e51d81', NULL, 'technologie', 'technologie', 0, '2012-05-27 06:02:11', '2012-05-27 06:02:11'),
('4fc1fba3-e4b4-4904-a1d3-0d8fb4e51d81', NULL, '@nnenna', 'nnenna', 0, '2012-05-27 06:02:11', '2012-05-27 06:02:11'),
('4fc1fba3-2f24-4c68-ac07-0d8fb4e51d81', NULL, 'africain', 'africain', 0, '2012-05-27 06:02:11', '2012-05-27 06:02:11'),
('4fc1fba3-6288-4571-9a47-0d8fb4e51d81', NULL, 'anglophone', 'anglophone', 0, '2012-05-27 06:02:11', '2012-05-27 06:02:11'),
('4fc1fba3-6c84-4f65-9375-0d8fb4e51d81', NULL, 'cnn', 'cnn', 0, '2012-05-27 06:02:11', '2012-05-27 06:02:11'),
('4fc1fba3-ec14-427e-8800-0d8fb4e51d81', NULL, 'diaby mohamed', 'diaby-mohamed', 0, '2012-05-27 06:02:11', '2012-05-27 06:02:11'),
('4fc1fba3-536c-4ed6-a7d1-0d8fb4e51d81', NULL, 'drupalDay abidjan', 'drupalday-abidjan', 0, '2012-05-27 06:02:11', '2012-05-27 06:02:11'),
('4fc1fba3-8284-4bbf-ac5f-0d8fb4e51d81', NULL, 'francophone', 'francophone', 0, '2012-05-27 06:02:11', '2012-05-27 06:02:11'),
('4fc1fba3-85dc-43eb-b1f8-0d8fb4e51d81', NULL, 'israel yoroba', 'israel-yoroba', 0, '2012-05-27 06:02:11', '2012-05-27 06:02:11'),
('4fc1fba3-9f78-427a-a967-0d8fb4e51d81', NULL, 'kenya', 'kenya', 0, '2012-05-27 06:02:11', '2012-05-27 06:02:11'),
('4fc1fba3-a910-4212-ad85-0d8fb4e51d81', NULL, 'leaders', 'leaders', 0, '2012-05-27 06:02:11', '2012-05-27 06:02:11'),
('4fc1fba3-9c00-493a-a827-0d8fb4e51d81', NULL, 'mpesa', 'mpesa', 0, '2012-05-27 06:02:11', '2012-05-27 06:02:11'),
('4fc1fba4-aeb0-4900-b5d2-0d8fb4e51d81', NULL, 'cable', 'cable', 0, '2012-05-27 06:02:12', '2012-05-27 06:02:12'),
('4fc1fba4-5ac8-4155-a01d-0d8fb4e51d81', NULL, 'Internet', 'internet', 0, '2012-05-27 06:02:12', '2012-05-27 06:02:12'),
('4fc1fba4-bccc-4008-bfd7-0d8fb4e51d81', NULL, 'sous-marin', 'sous-marin', 0, '2012-05-27 06:02:12', '2012-05-27 06:02:12'),
('4fc1fba4-95b4-41be-b636-0d8fb4e51d81', NULL, 'telegeography', 'telegeography', 0, '2012-05-27 06:02:12', '2012-05-27 06:02:12'),
('4fc1fba4-5bc0-4678-b071-0d8fb4e51d81', NULL, 'company', 'company', 0, '2012-05-27 06:02:12', '2012-05-27 06:02:12'),
('4fc1fba4-f25c-4c98-8240-0d8fb4e51d81', NULL, 'diaspora', 'diaspora', 0, '2012-05-27 06:02:12', '2012-05-27 06:02:12'),
('4fc1fba4-04f0-43fa-a5f7-0d8fb4e51d81', NULL, 'ict', 'ict', 0, '2012-05-27 06:02:12', '2012-05-27 08:19:54'),
('4fc1fba4-24cc-4114-b5b9-0d8fb4e51d81', NULL, 'recommandation', 'recommandation', 0, '2012-05-27 06:02:12', '2012-05-27 06:02:12'),
('4fc1fba4-3cd8-4ce9-b29d-0d8fb4e51d81', NULL, 'startup', 'startup', 0, '2012-05-27 06:02:12', '2012-05-27 06:02:12'),
('4fc1fba4-3be4-4868-a9ee-0d8fb4e51d81', NULL, 'web', 'web', 0, '2012-05-27 06:02:12', '2012-05-27 08:19:53'),
('4fc1fd87-01a8-494c-84c2-0cb3b4e51d81', 'http', '//www.blogger.com/atom/ns#', 'www-blogger-com-atom-ns', 0, '2012-05-27 06:10:15', '2012-05-27 06:10:18'),
('4fc1fd87-2cd8-4281-80c8-0cb3b4e51d81', NULL, 'Chroniques', 'chroniques', 0, '2012-05-27 06:10:15', '2012-05-27 06:21:59'),
('4fc1fd88-d7ec-4c08-b49b-0cb3b4e51d81', NULL, 'Array', 'array', 0, '2012-05-27 06:10:16', '2012-05-27 06:10:18'),
('4fc1fd88-d96c-49df-9497-0cb3b4e51d81', NULL, 'Array', 'array', 0, '2012-05-27 06:10:16', '2012-05-27 06:10:18'),
('4fc1fd88-d608-4194-81e9-0cb3b4e51d81', NULL, 'Débat', 'debat', 0, '2012-05-27 06:10:16', '2012-05-27 06:21:59'),
('4fc1fd88-5b04-4b35-982e-0cb3b4e51d81', NULL, 'coup de gueule', 'coup-de-gueule', 0, '2012-05-27 06:10:16', '2012-05-27 06:21:59'),
('4fc1fd88-88a0-4233-86bc-0cb3b4e51d81', NULL, 'épopée ivoirienne', 'epopee-ivoirienne', 0, '2012-05-27 06:10:16', '2012-05-27 06:21:59'),
('4fc1fd89-1fe8-4d1c-8756-0cb3b4e51d81', NULL, 'Cinéma', 'cinema', 0, '2012-05-27 06:10:17', '2012-05-27 06:21:59'),
('4fc1fd89-e63c-4f27-8b4f-0cb3b4e51d81', NULL, 'autres', 'autres', 0, '2012-05-27 06:10:17', '2012-05-27 06:21:59'),
('4fc20045-9a98-47f7-b6f6-0f56b4e51d81', NULL, 'Inspirés', 'inspires', 0, '2012-05-27 06:21:57', '2012-05-27 06:21:59'),
('4fc20045-df90-4ce7-b22a-0f56b4e51d81', NULL, 'Confidence', 'confidence', 0, '2012-05-27 06:21:57', '2012-05-27 06:21:59'),
('4fc20046-9648-410c-b1e0-0f56b4e51d81', NULL, 'Event', 'event', 0, '2012-05-27 06:21:58', '2012-05-27 06:21:59'),
('4fc20046-ff04-4eb8-82f6-0f56b4e51d81', NULL, 'private property', 'private-property', 0, '2012-05-27 06:21:58', '2012-05-27 06:21:58'),
('4fc20046-3b00-49f5-a8ec-0f56b4e51d81', NULL, 'Littérature', 'litterature', 0, '2012-05-27 06:21:58', '2012-05-27 06:21:59'),
('4fc20046-5a14-4783-8bb0-0f56b4e51d81', NULL, 'Les petites histoires de Yehni', 'les-petites-histoires-de-yehni', 0, '2012-05-27 06:21:58', '2012-05-27 06:21:58'),
('4fc20046-d180-4741-8755-0f56b4e51d81', NULL, 'infos perso', 'infos-perso', 0, '2012-05-27 06:21:58', '2012-05-27 06:21:59'),
('4fc20047-5690-405b-ac77-0f56b4e51d81', NULL, 'Santé', 'sante', 0, '2012-05-27 06:21:59', '2012-05-27 06:21:59'),
('4fc21b49-f5a4-4872-a656-1081b4e51d81', NULL, 'Social Media', 'social-media', 0, '2012-05-27 08:17:13', '2012-05-27 08:19:53'),
('4fc21b49-6344-4cb9-ad51-1081b4e51d81', NULL, 'Democracy', 'democracy', 0, '2012-05-27 08:17:13', '2012-05-27 08:19:55'),
('4fc21b49-16c8-4652-a71e-1081b4e51d81', NULL, 'AUC', 'auc', 0, '2012-05-27 08:17:13', '2012-05-27 08:19:53'),
('4fc21b49-ae6c-4aee-98c9-1081b4e51d81', NULL, 'DiploFoundation', 'diplofoundation', 0, '2012-05-27 08:17:13', '2012-05-27 08:19:53'),
('4fc21b49-2b00-48a8-bd67-1081b4e51d81', NULL, 'MAG', 'mag', 0, '2012-05-27 08:17:13', '2012-05-27 08:19:53'),
('4fc21b49-c280-464b-b371-1081b4e51d81', NULL, 'AfIGF', 'afigf', 0, '2012-05-27 08:17:13', '2012-05-27 08:19:53'),
('4fc21b49-caec-4825-b505-1081b4e51d81', NULL, 'Internet Governance', 'internet-governance', 0, '2012-05-27 08:17:13', '2012-05-27 08:19:53'),
('4fc21b49-0bd8-4c56-95fe-1081b4e51d81', NULL, 'IGF', 'igf', 0, '2012-05-27 08:17:13', '2012-05-27 08:19:53'),
('4fc21b49-04ec-40ea-99da-1081b4e51d81', NULL, 'Ivory Coast', 'ivory-coast', 0, '2012-05-27 08:17:13', '2012-05-27 08:19:54'),
('4fc21b49-7adc-406f-af25-1081b4e51d81', NULL, 'Tourisme', 'tourisme', 0, '2012-05-27 08:17:13', '2012-05-27 08:19:53'),
('4fc21b4a-1be4-4e5e-85ea-1081b4e51d81', NULL, 'African Development', 'african-development', 0, '2012-05-27 08:17:14', '2012-05-27 08:19:55'),
('4fc21b4a-7938-4092-9a52-1081b4e51d81', NULL, 'Senegal', 'senegal', 0, '2012-05-27 08:17:14', '2012-05-27 08:19:54'),
('4fc21b4a-4c7c-4855-830b-1081b4e51d81', NULL, 'Abdoulaye Wade', 'abdoulaye-wade', 0, '2012-05-27 08:17:14', '2012-05-27 08:19:54'),
('4fc21b4a-8690-4247-9014-1081b4e51d81', NULL, 'AFCON', 'afcon', 0, '2012-05-27 08:17:14', '2012-05-27 08:19:54'),
('4fc21b4a-44e0-4368-8c18-1081b4e51d81', NULL, 'FIFA', 'fifa', 0, '2012-05-27 08:17:14', '2012-05-27 08:19:54'),
('4fc21b4a-506c-44ef-a3fa-1081b4e51d81', NULL, 'CAN2012', 'can2012', 0, '2012-05-27 08:17:14', '2012-05-27 08:19:54'),
('4fc21b4a-111c-45d3-916e-1081b4e51d81', NULL, 'Soccer', 'soccer', 0, '2012-05-27 08:17:14', '2012-05-27 08:19:54'),
('4fc21b4a-32b0-4315-906e-1081b4e51d81', NULL, 'Nigerian Immigration Service', 'nigerian-immigration-service', 0, '2012-05-27 08:17:14', '2012-05-27 08:19:54'),
('4fc21b4a-86e4-4210-826f-1081b4e51d81', NULL, 'ePassports', 'epassports', 0, '2012-05-27 08:17:14', '2012-05-27 08:19:54'),
('4fc21b4a-2a00-47f8-9019-1081b4e51d81', NULL, 'Abuja', 'abuja', 0, '2012-05-27 08:17:14', '2012-05-27 08:19:55'),
('4fc21b4a-0558-4ac7-8a2e-1081b4e51d81', NULL, 'civ2010', 'civ2010', 0, '2012-05-27 08:17:14', '2012-05-27 08:19:55'),
('4fc21b4a-8b8c-4a31-ae0e-1081b4e51d81', NULL, 'Gov 2.0', 'gov-2-0', 0, '2012-05-27 08:17:14', '2012-05-27 08:19:54'),
('4fc21b4a-bbac-4b74-8caa-1081b4e51d81', NULL, 'Good Governance', 'good-governance', 0, '2012-05-27 08:17:14', '2012-05-27 08:19:54'),
('4fc21b4a-9884-413d-8f2a-1081b4e51d81', NULL, 'Travel in Africa', 'travel-in-africa', 0, '2012-05-27 08:17:14', '2012-05-27 08:19:54'),
('4fc21b4a-66e0-4ef5-a8ce-1081b4e51d81', NULL, 'Phone', 'phone', 0, '2012-05-27 08:17:14', '2012-05-27 08:19:54'),
('4fc21b4a-e1c0-424d-8c13-1081b4e51d81', NULL, 'Tourism', 'tourism', 0, '2012-05-27 08:17:14', '2012-05-27 08:19:54'),
('4fc21b4a-d960-489c-a4d2-1081b4e51d81', NULL, 'Ghana', 'ghana', 0, '2012-05-27 08:17:14', '2012-05-27 08:19:54'),
('4fc21b4b-83bc-4471-9304-1081b4e51d81', NULL, 'Nouchi', 'nouchi', 0, '2012-05-27 08:17:15', '2012-05-27 08:19:54'),
('4fc21b4b-adc0-407a-a8d4-1081b4e51d81', NULL, 'Guerre', 'guerre', 0, '2012-05-27 08:17:15', '2012-05-27 08:19:54'),
('4fc21b4b-6588-4f4a-9a37-1081b4e51d81', NULL, 'Laurent Gbagbo', 'laurent-gbagbo', 0, '2012-05-27 08:17:15', '2012-05-27 08:19:55'),
('4fc21b4b-d000-4bad-b0de-1081b4e51d81', NULL, 'Elections', 'elections', 0, '2012-05-27 08:17:15', '2012-05-27 08:19:55'),
('4fc21b4b-f428-4a24-b235-1081b4e51d81', NULL, 'Allassane Dramane Ouattara', 'allassane-dramane-ouattara', 0, '2012-05-27 08:17:15', '2012-05-27 08:19:55'),
('4fc21b4b-da9c-4941-9ca1-1081b4e51d81', NULL, 'PDPprimaries', 'pdpprimaries', 0, '2012-05-27 08:17:15', '2012-05-27 08:19:55'),
('4fc21b4b-14fc-4b56-b672-1081b4e51d81', NULL, 'Power Sharing', 'power-sharing', 0, '2012-05-27 08:17:15', '2012-05-27 08:19:55');

